age_at_enrollment,curricular_units_1st_sem_approved_,curricular_units_1st_sem_enrolled_,curricular_units_1st_sem_grade_,curricular_units_2nd_sem_grade_,debtor,displaced,gender,scholarship_holder,tuition_fees_up_to_date,first_name,last_name,student_number
18,1,6,12.0,11.0,0,1,0,0,1,Alice,Smith,bd79ab12
18,6,7,11.666666666666666,13.5,0,1,0,0,1,Bob,Jones,fc293a3b
20,7,7,11.4375,11.425,0,1,0,0,1,Charlie,Taylor,9c63b1c8
18,5,6,11.6,11.0,1,1,0,1,1,Dana,Brown,8def7fa7
18,5,5,12.666666666666666,13.0,0,1,0,0,1,Eli,Patel,a86cbd20
19,6,7,12.933333333333332,13.716666666666669,0,1,1,0,1,Alice,Smith,d4eb93a5
21,5,6,11.857142857142858,10.571428571428571,0,0,1,0,1,Bob,Jones,c1368c08
18,3,5,11.333333333333334,13.5,0,0,1,0,0,Charlie,Taylor,a9b4fd45
24,2,5,11.5,14.333333333333334,0,0,0,0,1,Dana,Brown,673083cb
19,6,8,11.833333333333334,11.833333333333334,0,1,0,1,1,Eli,Patel,7fb0643f
20,4,6,14.0,11.0,0,1,0,1,1,Alice,Smith,cd835af7
18,0,0,0.0,0.0,0,1,0,0,1,Bob,Jones,6aa22f95
19,0,0,0.0,0.0,0,1,1,1,1,Charlie,Taylor,ee648ada
19,5,6,11.4,10.0,0,1,1,0,1,Dana,Brown,4c2f8c31
24,0,6,0.0,0.0,0,0,1,0,1,Eli,Patel,ce0575d4
26,6,6,12.0,10.8,0,0,1,0,1,Alice,Smith,34b05b13
18,0,5,0.0,0.0,0,0,1,0,1,Bob,Jones,bbc48496
18,5,5,12.0,11.333333333333334,0,0,1,0,1,Charlie,Taylor,7ed48076
23,4,5,14.0,13.8,0,1,1,0,1,Dana,Brown,2fe9b4db
18,2,5,10.0,0.0,1,1,1,0,1,Eli,Patel,497074a9
19,5,5,14.0,13.25,0,1,1,0,1,Alice,Smith,bd3a09c8
19,5,5,14.2,13.8,0,1,0,0,1,Bob,Jones,66723b46
20,6,7,11.666666666666666,13.0,0,1,0,0,1,Charlie,Taylor,462fce56
18,3,5,13.0,11.0,0,1,0,1,1,Dana,Brown,36f90a45
20,6,7,11.616666666666667,13.0,0,0,0,0,1,Eli,Patel,2f958575
20,2,6,10.0,10.75,0,1,0,1,1,Alice,Smith,003d5392
20,3,5,10.333333333333334,10.666666666666666,0,0,0,0,1,Bob,Jones,e504e620
18,5,6,12.8,13.4,0,1,0,1,1,Charlie,Taylor,1db18d75
20,5,7,13.188,12.892857142857142,0,0,0,1,1,Dana,Brown,b6a0b97a
22,0,5,0.0,0.0,1,1,0,0,0,Eli,Patel,b718d903
18,0,0,0.0,0.0,0,1,0,0,1,Alice,Smith,3f2be5ef
18,3,6,12.333333333333334,10.833333333333334,0,1,0,0,1,Bob,Jones,f46e758a
47,0,1,0.0,0.0,1,0,0,0,1,Charlie,Taylor,322c00ff
28,4,5,11.25,10.5,0,1,0,0,1,Dana,Brown,c0504cd8
18,3,5,11.666666666666666,13.5,0,1,0,1,1,Eli,Patel,4a496a34
26,6,6,12.666666666666666,13.166666666666666,0,0,0,1,1,Alice,Smith,62d2fffe
21,8,10,11.5,10.0,1,0,0,0,0,Bob,Jones,9bc35ba7
23,2,6,10.0,10.0,0,0,0,0,1,Charlie,Taylor,c11b5c7f
35,3,3,11.816666666666668,11.333333333333334,0,0,0,0,1,Dana,Brown,6d2f9060
25,6,7,12.125,13.3125,0,0,0,0,1,Eli,Patel,770e1247
19,6,7,12.471428571428572,11.4625,0,1,0,0,1,Alice,Smith,f5c0a120
24,11,17,12.909090909090908,13.555555555555555,0,1,0,0,1,Bob,Jones,4f1caaf2
19,5,6,12.4,12.4,0,1,0,0,1,Charlie,Taylor,9cd32c22
18,1,6,11.0,0.0,0,1,0,0,1,Dana,Brown,e993df45
18,6,6,11.833333333333334,12.5,0,0,0,0,1,Eli,Patel,4d1584aa
18,7,7,13.79714285714286,13.775,0,0,0,1,1,Alice,Smith,ee1944cb
18,6,6,12.5,12.333333333333334,0,0,0,0,1,Bob,Jones,263cf10a
24,6,6,11.428571428571429,13.0,0,0,0,0,1,Charlie,Taylor,175d68da
19,4,6,11.0,11.0,0,1,0,0,1,Dana,Brown,1e7e4e4d
20,6,7,11.757142857142856,13.083333333333334,0,0,0,0,1,Eli,Patel,f8710a3a
19,3,5,10.333333333333334,13.0,0,1,0,0,1,Alice,Smith,1216f192
18,5,6,12.6,11.4,0,1,0,0,1,Bob,Jones,faf6d359
18,5,5,14.0,11.6,0,1,0,0,1,Charlie,Taylor,374a5b4d
18,5,7,12.0,12.666666666666666,0,1,0,0,1,Dana,Brown,ad9ad823
19,4,5,12.0,12.0,0,1,0,0,1,Eli,Patel,7085fce7
26,4,5,13.0,12.0,0,1,0,0,1,Alice,Smith,526b0081
36,13,16,10.692307692307692,12.307692307692308,0,0,0,0,1,Bob,Jones,f134c624
20,5,6,12.0,11.25,0,0,0,0,1,Charlie,Taylor,a9aa1002
30,0,6,0.0,0.0,1,0,0,1,1,Dana,Brown,fa40991b
20,3,5,10.333333333333334,11.0,0,1,0,0,1,Eli,Patel,5915b3c3
19,5,7,13.98,13.98,0,1,0,0,1,Alice,Smith,939ff0ad
19,1,5,11.0,11.2,0,0,0,0,1,Bob,Jones,aa2e3ef9
31,4,5,11.25,10.833333333333334,0,0,0,1,1,Charlie,Taylor,1c86c934
42,10,11,11.9,12.8,1,0,0,0,1,Dana,Brown,2121b14a
18,7,7,12.285714285714286,13.333333333333334,0,1,0,1,0,Eli,Patel,75a20e14
21,5,6,12.666666666666666,13.5,0,1,0,0,1,Alice,Smith,c1cd9460
20,6,7,13.25,13.75,0,0,0,0,1,Bob,Jones,b6df1385
19,3,6,10.333333333333334,10.333333333333334,0,0,0,0,1,Charlie,Taylor,d325d933
22,5,6,13.166666666666666,12.4,0,1,0,0,1,Dana,Brown,6387601e
21,4,6,12.75,11.0,0,1,0,0,1,Eli,Patel,4adf312f
26,5,7,11.2,12.14,0,0,0,0,1,Alice,Smith,effc75af
18,5,6,11.6,11.2,0,0,0,1,1,Bob,Jones,65c29e1d
20,3,6,10.333333333333334,10.333333333333334,0,1,0,0,1,Charlie,Taylor,d3ecdaf1
19,4,6,12.25,11.0,0,1,0,0,1,Dana,Brown,1581b4b5
19,6,6,12.0,12.75,0,0,0,0,1,Eli,Patel,8c3171f9
20,3,5,11.333333333333334,10.666666666666666,0,1,0,0,1,Alice,Smith,f9c9dae0
20,4,6,11.25,10.5,0,0,0,1,1,Bob,Jones,e34b5e4f
18,0,2,0.0,16.0,0,0,0,0,1,Charlie,Taylor,9a4efb50
18,1,5,12.0,12.0,1,1,0,0,1,Dana,Brown,9a20c462
20,5,6,12.8,12.8,0,1,0,1,1,Eli,Patel,bd9eb5eb
19,5,5,11.8,11.25,0,1,0,0,1,Alice,Smith,01dbbedc
20,5,6,10.6,10.4,0,0,0,0,1,Bob,Jones,8b3fd8fb
20,5,6,14.333333333333334,12.625,0,1,0,0,1,Charlie,Taylor,cbd94fc9
21,5,6,13.2,11.8,0,1,0,1,1,Dana,Brown,d4b344fe
20,6,6,12.666666666666666,13.0,0,0,0,0,1,Eli,Patel,a421a097
22,5,6,13.333333333333334,11.4,1,1,0,0,1,Alice,Smith,6c18cd01
18,6,7,10.666666666666666,12.833333333333334,0,1,0,0,1,Bob,Jones,c1f54561
20,3,5,11.333333333333334,12.6,0,1,0,0,1,Charlie,Taylor,bef9bdce
18,5,6,12.2,10.833333333333334,0,0,0,0,0,Dana,Brown,eec6ac75
27,4,7,14.0,12.525,0,0,0,0,1,Eli,Patel,5cefa3e0
26,7,7,14.75,13.8,0,0,0,0,1,Alice,Smith,85d859aa
18,4,6,10.75,0.0,0,1,0,0,1,Bob,Jones,0afa0743
24,1,5,12.0,10.5,0,1,1,0,1,Charlie,Taylor,70448b1f
19,3,5,11.666666666666666,11.666666666666666,0,0,1,1,1,Dana,Brown,ef376bd1
20,5,5,10.0,12.0,0,0,1,0,1,Eli,Patel,3d5e07c4
18,5,5,13.2,12.6,0,1,1,1,1,Alice,Smith,b803605e
20,4,5,10.2,11.0,0,0,1,0,1,Bob,Jones,4b7310f5
25,5,5,14.2,13.5,0,0,1,0,1,Charlie,Taylor,f55a2cc3
22,6,6,12.625,14.5,1,0,1,0,1,Dana,Brown,3130a8d5
18,6,8,13.496666666666668,13.496666666666668,0,0,1,0,1,Eli,Patel,c3b29f96
20,3,5,11.0,12.0,0,1,1,0,1,Alice,Smith,6d33af27
23,3,6,11.5,10.666666666666666,1,1,1,0,1,Bob,Jones,b9c78a63
20,2,5,11.0,12.666666666666666,0,1,1,0,1,Charlie,Taylor,aba3bbf0
20,3,5,12.4,10.833333333333334,0,0,1,0,1,Dana,Brown,aa2caca7
28,5,5,10.6,10.2,0,1,0,1,1,Eli,Patel,45670231
19,6,6,14.833333333333334,13.285714285714286,0,1,0,0,1,Alice,Smith,045d7816
19,4,7,12.45,11.7,0,0,0,0,1,Bob,Jones,c1750ad3
20,5,6,13.4,13.0,0,1,0,0,1,Charlie,Taylor,f91b8c99
20,6,6,13.333333333333334,14.0,1,0,0,0,1,Dana,Brown,cc57a406
18,5,7,11.98,11.98,0,1,0,1,1,Eli,Patel,2fead8ad
20,4,5,11.0,13.2,0,0,0,0,1,Alice,Smith,84c538fa
19,5,6,12.666666666666666,11.75,0,1,0,0,1,Bob,Jones,f93a8021
19,5,6,12.2,13.0,0,1,0,0,1,Charlie,Taylor,cf2721f0
27,3,5,10.666666666666666,11.4,0,0,0,0,1,Dana,Brown,51d49034
18,3,5,11.666666666666666,11.0,0,0,0,0,1,Eli,Patel,a6ae3120
18,2,5,10.5,12.333333333333334,0,1,0,0,1,Alice,Smith,2652ab36
18,8,8,14.26875,14.26875,0,1,0,0,1,Bob,Jones,54ed8d9d
19,2,5,10.5,13.333333333333334,0,1,0,1,1,Charlie,Taylor,13c3af3c
21,5,6,11.2,10.0,0,0,0,0,1,Dana,Brown,469415d3
23,9,12,13.666666666666666,13.5,0,1,0,0,0,Eli,Patel,143ebf95
19,5,6,11.4,10.0,1,1,0,1,1,Alice,Smith,03c870be
18,5,6,10.6,10.0,1,0,0,0,1,Bob,Jones,975d6e42
19,5,7,11.8,11.708333333333334,0,1,0,0,1,Charlie,Taylor,51795e2e
18,5,6,11.833333333333334,12.0,0,1,0,0,1,Dana,Brown,e674a4b8
21,6,6,12.571428571428571,13.0,0,0,1,0,1,Eli,Patel,fafb398b
20,3,6,10.0,10.8,0,0,1,0,1,Alice,Smith,2db5d43e
20,5,6,13.2,12.0,0,0,1,0,0,Bob,Jones,0ace3b26
37,5,5,15.8,17.6,0,0,1,0,1,Charlie,Taylor,30a80779
18,5,6,13.8,12.4,0,1,1,0,1,Dana,Brown,123874b5
23,6,6,13.0,12.0,0,0,1,0,1,Eli,Patel,8c34205e
18,4,6,13.75,11.2,0,1,1,0,1,Alice,Smith,b81a6f77
32,7,11,11.285714285714286,12.333333333333334,0,0,1,0,1,Bob,Jones,7ce81503
19,11,12,12.0,11.181818181818182,1,1,1,0,1,Charlie,Taylor,8173fd58
20,0,0,0.0,0.0,0,1,1,0,1,Dana,Brown,2d5c7dab
40,1,5,11.0,10.0,1,0,1,0,1,Eli,Patel,3697ca48
20,5,5,10.2,11.2,0,0,1,0,1,Alice,Smith,7b9e5049
20,4,5,12.0,12.4,0,1,0,0,1,Bob,Jones,3d1f1812
19,6,7,13.411428571428573,13.294444444444444,0,1,0,0,1,Charlie,Taylor,3d6f66a8
19,4,6,11.8,12.2,0,1,0,0,1,Dana,Brown,43112b18
20,6,7,11.833333333333334,14.333333333333334,0,0,0,0,1,Eli,Patel,cffd8521
18,6,8,13.345,13.345,0,1,0,0,1,Alice,Smith,1dcfe9dd
18,6,6,12.166666666666666,12.75,0,1,0,0,1,Bob,Jones,784c4ba4
22,6,6,11.0,12.0,0,1,0,1,0,Charlie,Taylor,76df0662
20,2,5,11.5,10.0,1,1,0,0,1,Dana,Brown,1f569959
23,6,6,14.0,13.0,1,0,0,0,0,Eli,Patel,32376ff3
20,6,6,11.166666666666666,11.5,0,1,0,0,1,Alice,Smith,3785572e
21,5,5,12.8,12.666666666666666,0,0,0,0,1,Bob,Jones,a923d121
20,6,6,12.5,11.5,0,0,0,0,1,Charlie,Taylor,814ccd22
20,7,7,13.462857142857144,13.164285714285716,0,1,0,1,0,Dana,Brown,effd81b6
20,6,7,14.714285714285714,13.2,0,1,0,0,1,Eli,Patel,abae121a
21,5,5,13.2,12.5,1,0,0,0,1,Alice,Smith,1f4caca6
18,4,5,12.0,11.0,0,1,1,0,1,Bob,Jones,8d9c5275
23,5,7,12.414285714285713,13.5,0,1,1,0,1,Charlie,Taylor,7b160074
22,4,5,11.5,14.0,0,0,1,0,0,Dana,Brown,1fe65fcb
18,4,5,14.25,12.714285714285714,0,1,0,0,1,Eli,Patel,8eee1e9f
22,5,6,12.6,11.25,0,1,0,0,1,Alice,Smith,8e59fee3
18,0,5,0.0,0.0,1,1,1,0,0,Bob,Jones,f8c912e4
21,5,7,11.2,11.583333333333334,0,0,1,1,1,Charlie,Taylor,6b368740
21,6,6,10.833333333333334,11.0,0,1,0,0,1,Dana,Brown,a561b948
20,4,6,11.25,10.0,0,1,0,0,1,Eli,Patel,cce63459
37,2,5,10.0,11.333333333333334,0,0,0,0,1,Alice,Smith,e520b4ef
37,7,8,11.375,12.166666666666666,1,0,0,0,1,Bob,Jones,dfc05585
28,0,6,0.0,0.0,1,1,0,0,1,Charlie,Taylor,5bbcee6c
18,1,5,11.0,12.5,0,1,0,0,1,Dana,Brown,ff216cbd
34,7,8,11.705714285714285,11.705714285714285,0,1,0,0,1,Eli,Patel,dc1cacc3
31,6,6,12.0,13.428571428571429,0,0,0,0,1,Alice,Smith,cf0d1801
18,6,6,12.666666666666666,12.25,0,1,0,0,1,Bob,Jones,26523736
31,0,6,0.0,0.0,0,1,0,0,1,Charlie,Taylor,479b7810
18,2,5,11.666666666666666,12.5,0,0,1,0,1,Dana,Brown,72984a77
24,3,5,10.666666666666666,10.5,0,0,1,0,1,Eli,Patel,94c54e1c
18,3,5,12.0,10.333333333333334,1,1,1,0,0,Alice,Smith,ebc92f21
41,4,5,11.0,11.4,0,0,1,1,1,Bob,Jones,8f1c3d83
34,4,5,11.75,10.833333333333334,0,0,1,0,1,Charlie,Taylor,71c5629f
20,5,7,14.46,13.55,0,1,0,1,1,Dana,Brown,c10a6550
22,5,6,12.8,11.5,0,1,0,0,1,Eli,Patel,117ad7df
18,4,6,12.0,10.75,0,0,0,1,1,Alice,Smith,1fe24006
18,6,6,14.333333333333334,14.0,0,0,0,1,1,Bob,Jones,fd56e165
18,5,6,12.333333333333334,10.6,0,0,0,0,1,Charlie,Taylor,e576916e
18,5,6,13.6,11.75,1,1,0,0,1,Dana,Brown,d3420443
19,4,6,12.5,12.5,0,0,0,0,1,Eli,Patel,3625fc61
21,5,6,12.2,12.6,0,1,0,0,1,Alice,Smith,5ad06468
18,5,7,11.4,13.333333333333334,0,1,0,0,1,Bob,Jones,0051a82b
18,0,0,0.0,0.0,0,0,0,0,1,Charlie,Taylor,fda8cae5
18,3,6,12.0,10.25,0,1,0,0,1,Dana,Brown,833ad132
21,6,10,11.166666666666666,10.571428571428571,0,0,0,0,1,Eli,Patel,88843414
20,5,7,12.62,12.5,0,1,0,1,1,Alice,Smith,83f47ae6
25,3,5,10.666666666666666,11.333333333333334,0,0,0,0,1,Bob,Jones,5ecc7f6b
25,7,7,11.857142857142858,11.7,0,1,0,0,1,Charlie,Taylor,89249d77
24,4,6,15.75,16.4,0,1,0,0,1,Dana,Brown,fed99e14
19,4,5,11.0,10.666666666666666,0,1,0,0,1,Eli,Patel,a6ed3cbb
19,5,5,12.4,11.0,0,0,0,1,1,Alice,Smith,33aee72f
20,3,5,12.0,12.625,0,1,0,1,1,Bob,Jones,bf4e3851
18,0,0,0.0,0.0,0,1,0,0,1,Charlie,Taylor,f94023c9
18,6,7,12.0,12.166666666666666,0,0,0,0,1,Dana,Brown,c505dedb
19,3,5,10.333333333333334,14.428571428571429,0,1,0,0,1,Eli,Patel,f8012166
19,5,7,12.94,13.76,0,1,0,0,1,Alice,Smith,aaf720db
19,4,5,12.25,12.0,0,1,0,0,1,Bob,Jones,7a3477fe
32,4,7,13.625,12.6375,0,1,0,0,1,Charlie,Taylor,46340ae2
24,4,5,12.0,12.666666666666666,0,0,1,0,1,Dana,Brown,72eafc1d
19,6,7,13.598333333333334,11.933333333333332,0,1,0,0,1,Eli,Patel,d2327656
45,11,11,12.7,12.96818181818182,0,1,0,0,1,Alice,Smith,bd7a9cf3
18,6,7,11.5,12.714285714285714,0,1,0,0,1,Bob,Jones,54d5680f
37,6,6,12.875,12.9,1,0,0,0,1,Charlie,Taylor,b93e2494
20,4,6,10.75,11.5,0,0,0,1,1,Dana,Brown,648f547f
18,6,7,13.533333333333331,12.228571428571428,0,1,0,1,1,Eli,Patel,785b9b18
21,8,9,13.25,12.2,1,1,0,0,1,Alice,Smith,c9d073dd
25,1,5,11.0,10.0,0,0,1,0,1,Bob,Jones,85232d0a
21,1,6,12.0,11.0,1,1,0,0,1,Charlie,Taylor,8aca3e95
19,0,5,0.0,14.75,0,1,0,0,1,Dana,Brown,d1015543
23,8,11,12.375,12.6,1,0,0,0,1,Eli,Patel,74c7bafb
18,5,6,12.6,12.428571428571429,0,0,0,0,1,Alice,Smith,ccad09d8
24,4,6,12.25,11.5,0,0,1,1,1,Bob,Jones,8602a05e
20,6,6,11.375,13.8,0,1,1,1,1,Charlie,Taylor,17629294
18,4,5,13.5,13.625,0,0,1,1,1,Dana,Brown,aad4824e
26,4,6,10.0,12.0,0,1,1,0,1,Eli,Patel,c615eae2
18,6,6,12.333333333333334,12.0,0,1,0,0,1,Alice,Smith,a770ff88
19,3,5,12.0,11.75,0,1,0,0,1,Bob,Jones,b2d5ca09
20,6,7,13.5,14.0,0,1,0,0,1,Charlie,Taylor,67b19947
18,4,5,10.666666666666666,12.0,0,1,0,0,1,Dana,Brown,307868f6
21,4,6,12.5,12.666666666666666,0,1,0,0,1,Eli,Patel,a7e21be7
18,4,6,11.5,13.75,0,0,0,0,1,Alice,Smith,6f4ba4e4
20,3,6,11.2,12.0,0,1,0,0,1,Bob,Jones,ebb7e6a0
19,5,6,13.0,10.4,0,1,0,0,1,Charlie,Taylor,aa67beb0
27,6,7,12.6,11.685714285714283,0,0,0,1,1,Dana,Brown,3b140733
19,5,5,12.8,12.0,1,1,0,1,0,Eli,Patel,feee4027
19,5,7,13.04,12.5,0,1,0,1,1,Alice,Smith,b8c752e5
23,11,11,13.166666666666666,13.333333333333334,1,1,0,0,0,Bob,Jones,c4128b97
20,5,6,10.6,11.166666666666666,0,0,0,1,1,Charlie,Taylor,414f0cf0
20,6,6,13.428571428571429,12.666666666666666,0,0,0,0,1,Dana,Brown,74bb9931
18,5,5,12.0,12.5,0,1,1,0,1,Eli,Patel,4968a202
21,4,5,11.5,10.6,0,1,1,0,1,Alice,Smith,b7a363d2
20,6,6,13.333333333333334,13.0,0,1,0,0,1,Bob,Jones,68964458
18,0,0,0.0,0.0,0,1,0,0,1,Charlie,Taylor,522279bb
19,5,6,12.2,10.8,0,1,0,0,1,Dana,Brown,c9869b94
19,4,6,11.0,11.666666666666666,0,1,0,1,1,Eli,Patel,a704ed05
19,5,5,11.6,12.666666666666666,0,1,0,1,1,Alice,Smith,c378fa14
18,4,5,13.5,13.4,0,1,0,0,1,Bob,Jones,46c95ab9
19,5,6,13.4,13.5,0,1,0,0,1,Charlie,Taylor,d960debd
21,3,6,10.2,12.25,0,1,0,1,1,Dana,Brown,7724c525
18,6,6,10.833333333333334,11.0,0,1,0,1,1,Eli,Patel,56f3e2c7
18,6,7,12.816666666666668,12.875,0,1,0,1,1,Alice,Smith,b0b1dc55
19,2,6,13.5,11.0,1,0,0,0,1,Bob,Jones,f397ba47
20,4,5,11.6,12.25,0,0,1,0,1,Charlie,Taylor,58f7528f
20,5,5,12.0,13.0,0,0,1,0,1,Dana,Brown,b6c92eba
18,6,7,13.976666666666668,12.041666666666666,0,1,1,0,1,Eli,Patel,ea6fbd7a
19,4,6,12.5,10.0,0,1,1,0,1,Alice,Smith,c20daa20
19,3,5,11.666666666666666,12.0,0,1,1,0,1,Bob,Jones,18e4fa7e
20,6,6,11.833333333333334,10.4,0,1,1,0,1,Charlie,Taylor,716fee29
21,4,5,13.2,14.25,0,1,1,0,1,Dana,Brown,31024c98
18,5,5,12.0,11.4,0,1,1,0,1,Eli,Patel,b19c120b
20,4,6,11.6,11.5,0,1,1,0,1,Alice,Smith,b98b19df
20,4,5,12.0,12.5,0,1,1,0,1,Bob,Jones,fdd1dcde
25,6,6,11.285714285714286,12.2,0,1,0,1,1,Charlie,Taylor,4cd1eac4
28,5,6,12.0,12.333333333333334,0,0,1,0,1,Dana,Brown,f4b687fd
35,5,7,13.34,10.84,0,0,0,0,1,Eli,Patel,e40d3c87
27,7,8,12.457142857142856,12.457142857142856,0,0,0,0,1,Alice,Smith,52dd02f3
31,4,5,10.5,10.5,0,0,0,1,1,Bob,Jones,c1235cb0
47,4,5,10.0,12.5,0,0,1,0,1,Charlie,Taylor,f23965d6
20,0,0,0.0,0.0,0,0,1,1,1,Dana,Brown,25594b1c
18,0,0,0.0,0.0,0,1,1,0,1,Eli,Patel,8e5459f1
39,2,6,13.0,13.0,0,0,0,0,1,Alice,Smith,8efce949
30,4,5,14.5,16.2,1,0,1,0,1,Bob,Jones,4daba42e
41,4,6,12.25,12.5,0,0,0,0,1,Charlie,Taylor,b76fd510
18,5,6,12.6,11.8,0,0,0,0,0,Dana,Brown,6f97c046
18,0,5,0.0,0.0,1,1,1,0,1,Eli,Patel,1ce10ca4
20,7,7,12.857142857142858,12.75,0,0,1,0,1,Alice,Smith,babb594c
21,5,6,13.6,14.25,0,1,0,0,1,Bob,Jones,54b8a8ce
20,3,6,12.0,11.0,1,1,0,0,0,Charlie,Taylor,9a48d1bd
20,6,6,13.166666666666666,14.0,0,0,0,0,1,Dana,Brown,1305745d
19,0,7,0.0,11.666666666666666,1,0,0,0,1,Eli,Patel,37541530
45,12,12,14.0,13.857142857142858,0,1,0,0,1,Alice,Smith,08803bf5
28,4,5,11.25,13.0,0,0,0,0,1,Bob,Jones,bbeab58d
18,0,0,0.0,0.0,0,1,1,1,1,Charlie,Taylor,2b40b15c
18,1,6,11.0,11.0,0,1,0,0,1,Dana,Brown,15410186
18,4,5,12.0,12.25,0,1,0,0,1,Eli,Patel,320c296d
21,5,5,11.166666666666666,10.8,0,1,1,0,1,Alice,Smith,68e05709
18,4,5,11.5,10.333333333333334,0,1,1,0,1,Bob,Jones,6f05d419
19,2,5,10.5,11.75,0,1,1,0,1,Charlie,Taylor,9873611a
19,4,5,12.5,11.0,0,0,1,0,1,Dana,Brown,fe2611f9
22,6,7,12.833333333333334,12.5,0,1,1,0,1,Eli,Patel,7e3285e7
21,6,6,12.285714285714286,14.25,0,0,1,0,1,Alice,Smith,cecbe3ee
18,5,6,11.0,10.333333333333334,0,1,1,0,1,Bob,Jones,37d41905
20,11,12,12.545454545454543,11.625,1,1,1,0,1,Charlie,Taylor,d64d55c1
18,6,6,12.666666666666666,13.6,0,1,1,0,1,Dana,Brown,6c5d3051
18,5,5,13.0,12.4,0,1,1,0,1,Eli,Patel,1caa3733
54,13,13,13.307692307692308,12.818181818181818,0,0,1,0,1,Alice,Smith,8bffbc90
19,7,8,14.514285714285714,14.514285714285714,0,0,0,0,1,Bob,Jones,73a3311d
27,5,5,15.2,14.0,0,0,0,0,1,Charlie,Taylor,ef7f011e
20,4,5,11.75,10.5,0,0,0,0,1,Dana,Brown,d725cac4
20,0,0,0.0,0.0,0,1,0,0,1,Eli,Patel,14013965
19,6,6,14.0,15.0,0,1,0,0,1,Alice,Smith,d4b3b683
25,4,5,12.5,11.0,0,0,0,0,1,Bob,Jones,c06054fc
19,3,5,10.666666666666666,14.0,0,1,1,0,1,Charlie,Taylor,32fe089a
19,4,6,12.25,12.666666666666666,0,0,1,0,1,Dana,Brown,6e55b526
20,0,0,0.0,0.0,0,1,1,0,1,Eli,Patel,4086a47c
19,5,5,11.8,12.4,0,0,1,0,1,Alice,Smith,1fb9c47c
18,2,5,14.0,11.0,0,0,1,0,1,Bob,Jones,e174c3b8
19,4,5,10.75,12.25,0,1,1,0,1,Charlie,Taylor,39111e61
31,4,6,12.25,12.0,0,0,0,0,1,Dana,Brown,355038b2
24,4,6,12.5,11.5,1,0,0,0,0,Eli,Patel,e3b2d41b
33,1,8,10.0,10.0,0,0,1,1,1,Alice,Smith,ea19b358
20,4,6,12.0,10.75,0,1,0,1,1,Bob,Jones,7439c7a7
44,9,11,12.333333333333334,11.0,0,0,1,0,1,Charlie,Taylor,2cc04365
18,6,7,12.035714285714286,13.75,0,1,1,0,1,Dana,Brown,c39e6375
19,5,6,12.2,12.0,0,1,1,0,1,Eli,Patel,d2254eed
21,7,9,11.285714285714286,12.25,0,1,1,0,1,Alice,Smith,340d2441
20,5,6,11.8,12.0,0,1,1,0,1,Bob,Jones,98bb3f73
20,0,5,0.0,10.5,0,0,1,0,1,Charlie,Taylor,0d0cc1df
18,5,5,14.2,14.2,0,0,1,1,0,Dana,Brown,a4ff1568
19,10,12,12.7,12.272727272727272,1,0,1,0,1,Eli,Patel,5a0837e0
26,8,8,15.125,13.666666666666666,0,0,1,0,0,Alice,Smith,b354798f
32,3,7,12.0,10.333333333333334,1,0,1,0,1,Bob,Jones,fcdf6b89
23,4,6,14.25,12.0,0,1,0,1,1,Charlie,Taylor,e68a779d
24,2,5,10.5,10.0,0,0,0,0,1,Dana,Brown,c1e5e925
25,5,6,11.666666666666666,12.0,0,1,1,0,1,Eli,Patel,bfffcb71
19,5,6,10.8,10.0,0,1,1,0,1,Alice,Smith,57fcfb88
21,5,6,12.8,12.25,0,0,1,0,1,Bob,Jones,57285926
19,4,5,11.0,12.0,1,1,1,0,1,Charlie,Taylor,de4cd1de
25,3,5,11.0,11.5,0,0,1,0,1,Dana,Brown,ba95ee38
21,4,7,13.125,12.333333333333334,0,1,0,0,1,Eli,Patel,6e7c3b95
19,5,5,11.8,11.5,0,0,1,1,1,Alice,Smith,865befc1
18,5,5,12.2,12.0,0,0,1,1,0,Bob,Jones,8a82c8c0
24,6,6,14.88888888888889,13.727272727272728,1,0,1,0,1,Charlie,Taylor,684a8518
19,5,6,13.0,11.666666666666666,0,1,0,0,0,Dana,Brown,5d29ee1e
19,4,7,12.65,11.1,0,1,0,1,1,Eli,Patel,e9c33fbc
19,1,5,11.0,0.0,0,1,0,0,1,Alice,Smith,e20a0eef
21,3,5,11.333333333333334,10.5,0,1,0,0,1,Bob,Jones,f0692b52
18,4,5,11.571428571428571,12.0,0,0,0,1,1,Charlie,Taylor,0178f173
39,5,7,12.16,12.16,0,1,0,0,1,Dana,Brown,645e5e78
20,5,5,13.2,11.4,1,1,1,0,1,Eli,Patel,42291e2e
19,3,6,12.5,11.0,0,0,1,0,1,Alice,Smith,6f34acf0
27,2,2,12.5,12.5,0,0,1,0,1,Bob,Jones,1eeec3dd
34,0,5,0.0,11.0,0,0,1,0,1,Charlie,Taylor,04fc96ff
41,5,7,14.333333333333334,14.636363636363637,1,0,1,0,1,Dana,Brown,21fb4010
48,4,7,11.75,11.725,0,0,0,0,1,Eli,Patel,49067d34
18,0,0,0.0,0.0,0,1,0,0,1,Alice,Smith,4eb244ab
19,2,6,10.5,11.0,0,1,0,0,1,Bob,Jones,3f9e8390
21,4,6,12.0,11.5,0,0,0,0,1,Charlie,Taylor,9402f5ea
19,5,6,12.333333333333334,11.0,0,1,0,0,1,Dana,Brown,07834706
20,5,6,12.2,14.6,1,0,0,0,1,Eli,Patel,b730ca1d
20,5,6,14.2,13.5,0,1,0,0,1,Alice,Smith,41f143ff
18,5,6,12.8,10.0,0,0,0,0,1,Bob,Jones,017f14dc
18,5,6,11.8,13.0,0,0,0,1,0,Charlie,Taylor,d767ef01
17,5,8,12.46,12.46,0,1,0,0,1,Dana,Brown,f7ed624a
18,5,6,11.833333333333334,11.5,0,1,0,0,1,Eli,Patel,30369851
24,8,9,13.125,13.0,1,1,0,0,0,Alice,Smith,6185c968
20,0,8,0.0,0.0,0,0,0,1,1,Bob,Jones,0d5573df
18,3,5,12.333333333333334,11.6,0,1,0,0,1,Charlie,Taylor,a4a85e4a
18,4,6,13.25,10.666666666666666,1,0,0,0,1,Dana,Brown,2d8db443
20,8,11,12.625,11.0,1,0,0,0,1,Eli,Patel,cbd09526
19,4,7,12.85,12.62142857142857,0,1,0,0,1,Alice,Smith,5ffb7b7a
20,6,6,14.285714285714286,13.0,0,0,0,0,1,Bob,Jones,20ae729f
34,0,5,0.0,0.0,0,0,0,0,1,Charlie,Taylor,79e51c99
18,4,6,11.25,12.2,0,1,0,0,1,Dana,Brown,57a23433
25,6,6,11.333333333333334,11.75,1,0,0,0,1,Eli,Patel,7d39bb28
21,5,6,11.6,13.0,0,1,0,0,1,Alice,Smith,12456049
34,2,5,11.5,11.75,0,0,0,0,1,Bob,Jones,1b0fa7d5
17,0,0,0.0,0.0,0,1,1,0,1,Charlie,Taylor,e0233c45
22,3,6,14.5,14.375,0,0,1,0,1,Dana,Brown,15adfc2a
19,5,7,13.44,13.066666666666668,0,1,0,0,1,Eli,Patel,47ad73df
20,6,6,13.0,12.0,0,0,0,0,1,Alice,Smith,e5d62040
19,5,6,12.666666666666666,11.0,0,1,0,0,1,Bob,Jones,75c2af1d
21,5,5,12.2,11.333333333333334,0,1,0,0,1,Charlie,Taylor,9691b467
21,5,6,11.8,11.833333333333334,0,0,0,0,1,Dana,Brown,88b4316b
18,5,7,12.16,13.4,0,0,0,1,1,Eli,Patel,09d91891
18,1,6,15.0,12.5,0,1,0,0,1,Alice,Smith,d80828b2
18,2,5,11.5,11.8,0,1,0,0,1,Bob,Jones,0224daee
19,1,5,13.0,15.333333333333334,0,1,0,0,1,Charlie,Taylor,ac7a121b
18,0,0,0.0,0.0,0,1,0,0,1,Dana,Brown,5b77bb8b
18,6,6,12.0,12.75,0,0,0,0,1,Eli,Patel,e7ce12d8
18,7,7,12.385714285714286,12.728571428571428,0,1,0,0,1,Alice,Smith,46f96e4c
18,5,6,12.4,14.166666666666666,1,1,0,0,0,Bob,Jones,7daaa417
21,3,6,11.75,12.333333333333334,0,1,0,0,1,Charlie,Taylor,a9e8764f
18,0,0,0.0,0.0,0,1,0,0,1,Dana,Brown,64a3f916
19,1,6,11.5,10.5,0,1,0,0,1,Eli,Patel,80792ef0
18,6,6,12.0,11.142857142857142,0,0,0,1,1,Alice,Smith,11b3f01d
18,0,0,0.0,0.0,0,1,1,1,1,Bob,Jones,e1a13686
18,3,5,11.0,11.0,0,0,1,0,1,Charlie,Taylor,7ca6b35a
19,4,6,12.0,12.285714285714286,0,1,1,1,1,Dana,Brown,65e14291
20,2,5,10.5,12.25,0,1,1,0,1,Eli,Patel,c432e1a2
19,3,6,11.666666666666666,10.333333333333334,0,1,1,0,1,Alice,Smith,0fbbf5c0
20,6,7,14.142857142857142,14.125,0,0,1,1,1,Bob,Jones,96d656fb
22,0,5,0.0,13.333333333333334,0,0,1,0,1,Charlie,Taylor,4dd550ca
22,3,5,12.333333333333334,10.571428571428571,0,1,1,1,1,Dana,Brown,905c6613
19,5,5,10.2,12.0,0,0,1,0,1,Eli,Patel,2f71fa4b
19,5,6,12.6,11.0,0,0,1,0,1,Alice,Smith,1dc0f278
18,4,5,12.25,11.666666666666666,0,0,1,0,1,Bob,Jones,f56a4898
18,3,6,10.666666666666666,12.0,0,0,1,1,1,Charlie,Taylor,780696d5
19,4,6,12.75,13.0,0,0,1,0,1,Dana,Brown,51c034d3
24,6,6,11.333333333333334,11.333333333333334,0,0,1,0,1,Eli,Patel,b21fb8bb
25,0,6,0.0,0.0,1,1,1,0,0,Alice,Smith,41a2d813
37,4,5,10.75,11.333333333333334,0,0,1,0,1,Bob,Jones,ced683b8
19,5,5,12.0,10.5,0,0,1,0,1,Charlie,Taylor,36be5238
19,6,7,12.528571428571428,12.416666666666666,0,0,1,1,1,Dana,Brown,f5551167
21,0,8,0.0,0.0,0,0,1,1,1,Eli,Patel,fa99c79c
20,3,7,10.666666666666666,11.5,0,0,1,0,1,Alice,Smith,3fcff62c
19,6,6,13.125,12.714285714285714,0,0,1,1,1,Bob,Jones,3ab0e5df
42,5,6,12.4,11.8,0,1,1,0,1,Charlie,Taylor,19a0849b
21,5,6,14.0,14.8,0,0,1,0,0,Dana,Brown,716b4d50
19,5,6,11.4,11.0,0,1,1,0,1,Eli,Patel,4b7b64a5
21,4,6,11.75,10.5,0,0,1,0,1,Alice,Smith,c9fb8f83
20,6,6,13.428571428571429,11.5,0,0,1,0,1,Bob,Jones,9c5d82a3
19,4,5,11.8,11.5,0,0,1,0,1,Charlie,Taylor,96b5ecdb
23,3,7,14.0,14.0,0,0,1,0,1,Dana,Brown,ee88c396
18,6,6,12.333333333333334,10.8,0,0,1,0,1,Eli,Patel,b148281a
22,5,5,10.666666666666666,11.0,1,0,1,1,1,Alice,Smith,f5a1a32b
19,5,5,11.833333333333334,14.714285714285714,0,1,1,0,1,Bob,Jones,f0cc3007
22,6,6,11.666666666666666,12.166666666666666,0,1,1,1,1,Charlie,Taylor,e80ea4ed
38,5,6,16.0,16.5,0,0,1,0,1,Dana,Brown,3ed3b592
27,7,7,14.085714285714284,14.085714285714284,0,1,1,0,1,Eli,Patel,d8d85291
19,0,5,0.0,10.0,0,1,1,0,1,Alice,Smith,7755c468
20,5,5,15.8,13.714285714285714,0,0,1,0,1,Bob,Jones,af942c58
18,4,5,12.5,14.666666666666666,0,1,1,0,1,Charlie,Taylor,1d9cc237
19,4,6,12.5,13.25,0,0,1,0,1,Dana,Brown,21252c7d
24,1,5,10.0,11.0,1,0,1,0,1,Eli,Patel,58c99b1b
22,0,5,0.0,11.666666666666666,0,1,1,0,1,Alice,Smith,0b49be71
19,4,6,12.0,12.5,0,0,1,1,1,Bob,Jones,e3b51bfc
23,13,17,12.153846153846152,11.909090909090908,1,1,1,0,1,Charlie,Taylor,2b7e556f
29,6,6,16.5,13.8,0,1,1,0,0,Dana,Brown,35c4741f
20,6,6,11.285714285714286,11.77777777777778,0,0,1,0,1,Eli,Patel,7cd2e808
22,0,0,0.0,0.0,0,1,1,0,1,Alice,Smith,eceed6c8
20,5,6,14.0,12.0,0,1,1,0,1,Bob,Jones,87c1475b
24,4,5,13.75,12.0,0,1,1,0,1,Charlie,Taylor,08da13f1
21,10,12,11.8,11.444444444444445,1,0,1,0,1,Dana,Brown,0a04ba94
20,4,5,11.5,0.0,0,0,1,0,1,Eli,Patel,9e37e189
22,5,6,13.4,10.666666666666666,0,1,1,0,1,Alice,Smith,c8524809
18,2,5,13.5,12.333333333333334,0,0,1,0,1,Bob,Jones,a3e7d2e9
22,3,6,11.333333333333334,12.333333333333334,0,1,1,0,1,Charlie,Taylor,538cce25
19,5,6,11.4,12.4,0,1,1,0,1,Dana,Brown,9f517153
43,3,5,10.666666666666666,12.5,0,0,0,0,1,Eli,Patel,a57de471
24,7,7,13.571428571428571,13.4,0,0,1,0,1,Alice,Smith,47b21aa0
18,4,5,12.0,13.0,0,1,1,0,1,Bob,Jones,7564e443
21,0,5,0.0,11.666666666666666,0,0,1,0,1,Charlie,Taylor,8d56e1e2
39,5,6,11.4,11.0,0,0,1,0,1,Dana,Brown,0655ed41
34,6,7,11.333333333333334,12.6,0,0,1,0,1,Eli,Patel,c868163b
18,0,0,0.0,0.0,1,0,1,0,0,Alice,Smith,7051ced0
21,12,12,15.083333333333334,13.083333333333334,0,0,1,0,1,Bob,Jones,bddfc003
27,3,5,10.0,13.0,0,0,1,0,1,Charlie,Taylor,390d4735
18,4,5,10.0,16.0,0,1,1,0,1,Dana,Brown,cbf41055
20,5,6,13.833333333333334,12.3,0,0,1,1,1,Eli,Patel,e38d8d22
19,5,6,11.6,11.0,0,1,1,0,1,Alice,Smith,c6588a8e
23,6,6,12.666666666666666,12.2,0,1,1,0,1,Bob,Jones,7fa3f071
22,0,0,0.0,0.0,0,1,1,0,1,Charlie,Taylor,2315bf54
20,3,5,12.666666666666666,12.5,0,1,1,0,1,Dana,Brown,26c04e9a
20,3,6,13.666666666666666,10.25,0,1,1,0,1,Eli,Patel,3c538396
19,5,5,10.8,13.5,0,0,1,0,1,Alice,Smith,e8a35e11
18,4,7,11.575,12.419999999999998,0,1,0,0,1,Bob,Jones,606471da
20,4,5,14.25,10.0,0,1,1,0,1,Charlie,Taylor,1a18960c
18,6,6,12.833333333333334,13.0,0,1,0,1,1,Dana,Brown,2c241666
19,5,6,11.4,10.75,0,1,0,0,1,Eli,Patel,80dc3e50
19,5,5,14.857142857142858,15.142857142857142,0,0,0,0,1,Alice,Smith,81b0a3cc
19,3,6,11.666666666666666,11.5,0,0,0,0,1,Bob,Jones,38d7e9be
20,6,6,12.5,14.333333333333334,0,1,0,1,1,Charlie,Taylor,00928d27
18,3,5,10.666666666666666,11.333333333333334,1,1,1,0,1,Dana,Brown,8d1137a0
18,4,5,10.5,10.5,0,1,1,0,1,Eli,Patel,1e3bcfa7
18,0,0,0.0,0.0,0,1,0,0,1,Alice,Smith,cb8387e3
19,5,5,11.5,10.666666666666666,0,0,0,0,1,Bob,Jones,91702965
20,1,6,12.0,0.0,0,0,0,0,1,Charlie,Taylor,1a25f228
26,3,6,10.666666666666666,11.2,0,0,0,0,1,Dana,Brown,8290c0fd
41,5,5,11.6,12.2,1,0,0,0,1,Eli,Patel,216e0d5e
26,4,5,12.0,11.25,0,0,0,0,1,Alice,Smith,5d4649e3
21,3,5,12.0,12.666666666666666,0,1,0,0,1,Bob,Jones,e379b553
24,2,5,10.5,11.0,0,1,0,0,1,Charlie,Taylor,d1f14ee0
18,5,6,12.2,12.2,0,1,0,0,1,Dana,Brown,8832ce4f
22,6,7,11.5,13.166666666666666,1,1,0,0,0,Eli,Patel,b01481cb
23,2,5,10.0,12.0,0,1,0,0,1,Alice,Smith,76ddd808
21,2,5,13.0,12.0,0,1,0,0,1,Bob,Jones,b5ae57bb
18,5,6,13.4,12.0,0,1,0,0,1,Charlie,Taylor,c36d15cc
22,4,6,12.25,11.333333333333334,0,1,0,0,1,Dana,Brown,607f6a46
29,9,10,11.555555555555555,11.9,0,0,0,0,1,Eli,Patel,4b4a40f0
19,7,7,12.2,12.2,0,0,1,0,1,Alice,Smith,33d42f98
18,4,5,10.8,11.75,0,0,1,1,1,Bob,Jones,7b6fe1fa
28,4,5,12.75,14.333333333333334,0,0,1,0,1,Charlie,Taylor,41b61db1
20,6,6,12.714285714285714,13.0,0,1,1,0,1,Dana,Brown,69232eec
26,7,7,13.285714285714286,12.142857142857142,0,0,1,0,1,Eli,Patel,32ee5637
20,5,7,13.976666666666668,13.22222222222222,0,0,1,0,1,Alice,Smith,a1e28ecb
20,6,6,12.0,12.5,0,1,1,1,1,Bob,Jones,bc0640b3
43,7,8,11.635714285714286,11.635714285714286,0,1,1,0,1,Charlie,Taylor,20e35617
18,4,5,12.5,11.285714285714286,1,1,1,0,1,Dana,Brown,68a42df2
40,3,5,11.0,12.5,0,0,1,0,1,Eli,Patel,5012a5af
27,6,6,10.666666666666666,11.25,0,0,1,0,1,Alice,Smith,1c027786
26,0,6,0.0,0.0,1,1,1,0,1,Bob,Jones,abe93031
20,5,5,10.8,12.0,0,1,1,0,1,Charlie,Taylor,b05e0a40
20,5,5,11.0,10.0,0,0,1,0,1,Dana,Brown,65fa3f49
20,0,5,0.0,0.0,1,1,1,0,1,Eli,Patel,99ce9a47
30,4,7,14.4,13.5,1,0,1,0,1,Alice,Smith,b41d3f79
21,4,6,12.25,13.4,1,0,1,0,0,Bob,Jones,61761add
19,0,5,0.0,0.0,0,0,1,0,1,Charlie,Taylor,b3526d97
25,7,7,11.95,12.042857142857144,0,0,0,0,1,Dana,Brown,d2dc68ce
26,0,7,0.0,0.0,0,0,0,1,1,Eli,Patel,700e35b3
19,3,5,11.0,11.75,0,1,0,0,1,Alice,Smith,ed09d48e
21,4,6,11.75,13.666666666666666,0,0,0,0,1,Bob,Jones,8a803965
21,1,5,11.0,10.5,0,1,0,0,1,Charlie,Taylor,637f8762
26,6,6,15.428571428571429,14.5,0,0,0,0,0,Dana,Brown,17548117
20,7,8,14.014285714285714,14.014285714285714,0,1,0,0,1,Eli,Patel,d93eb4b6
18,2,6,10.333333333333334,13.333333333333334,0,1,0,0,1,Alice,Smith,740ce6e3
20,7,7,12.401428571428571,11.808333333333332,1,1,1,0,1,Bob,Jones,a848c647
23,0,6,0.0,0.0,0,0,1,0,1,Charlie,Taylor,89871eae
20,4,6,10.8,12.0,0,0,1,0,1,Dana,Brown,239e8652
45,8,9,11.0,10.833333333333334,0,0,0,0,1,Eli,Patel,38f9d97a
26,3,6,12.333333333333334,11.666666666666666,0,1,0,1,1,Alice,Smith,d873c022
25,3,5,11.0,11.25,0,0,0,0,1,Bob,Jones,5b41685e
19,5,8,12.858,12.858,0,1,1,0,1,Charlie,Taylor,a6d87509
19,5,7,14.06,11.242857142857142,0,0,0,1,1,Dana,Brown,0e1f54f2
18,0,0,0.0,0.0,0,1,0,1,1,Eli,Patel,746ff733
19,4,5,13.75,12.6,0,1,0,0,1,Alice,Smith,bc165ada
23,3,6,11.333333333333334,11.0,0,1,0,0,1,Bob,Jones,6fdb0188
20,5,6,13.2,12.666666666666666,0,1,0,0,1,Charlie,Taylor,e9ac33ff
19,3,5,11.333333333333334,11.0,0,1,1,0,1,Dana,Brown,528198e4
29,0,5,0.0,0.0,0,0,1,0,1,Eli,Patel,1dcd14e7
18,6,6,14.625,14.142857142857142,0,1,0,0,1,Alice,Smith,de35d69d
19,4,7,13.375,12.116666666666667,0,1,0,0,1,Bob,Jones,e51d8b5a
19,4,5,11.0,13.857142857142858,0,0,0,1,1,Charlie,Taylor,986f25ac
18,0,6,0.0,11.0,0,1,0,0,1,Dana,Brown,87d08e77
19,6,6,13.285714285714286,14.6,0,1,0,1,1,Eli,Patel,f9c45bf9
19,5,7,11.716666666666669,13.7,0,1,0,0,1,Alice,Smith,d152942b
18,6,6,12.333333333333334,12.833333333333334,0,1,0,0,1,Bob,Jones,a70e6e1b
18,5,5,12.6,11.0,0,1,0,0,1,Charlie,Taylor,bebd4a2f
34,6,6,14.333333333333334,12.833333333333334,1,0,0,0,0,Dana,Brown,a29d8706
22,3,5,12.0,11.0,0,0,0,0,1,Eli,Patel,49face6d
50,3,5,13.333333333333334,12.2,0,0,0,0,1,Alice,Smith,d47d8107
25,3,6,11.666666666666666,11.333333333333334,0,0,0,1,1,Bob,Jones,15d30df5
50,2,5,10.5,11.0,0,0,0,0,1,Charlie,Taylor,46469a3a
48,5,6,13.0,12.5,0,1,0,0,1,Dana,Brown,0de4bf39
41,4,5,14.5,13.0,0,0,0,0,1,Eli,Patel,aa3a4de8
28,6,10,10.666666666666666,11.333333333333334,0,0,0,0,1,Alice,Smith,8b65b8fd
53,15,15,11.8,11.666666666666666,0,0,0,0,1,Bob,Jones,6bf57b38
49,5,6,12.333333333333334,11.5,0,0,0,0,1,Charlie,Taylor,e75770a7
22,8,10,11.0,11.2,0,1,0,0,1,Dana,Brown,69f26560
40,4,5,11.25,12.0,0,0,0,0,1,Eli,Patel,6dcb0dba
36,11,12,11.5,11.4375,0,0,0,0,1,Alice,Smith,d252fad5
48,6,6,10.666666666666666,11.8,0,0,0,1,1,Bob,Jones,001dda2f
34,4,6,13.25,0.0,0,0,0,0,1,Charlie,Taylor,ec6308e8
19,1,8,13.67,13.67,0,1,0,0,1,Dana,Brown,cf491729
34,4,5,11.0,10.75,0,0,0,0,1,Eli,Patel,2be8e756
28,7,7,12.428571428571429,12.3,0,1,0,0,1,Alice,Smith,6abb5e40
35,5,5,11.4,12.333333333333334,0,0,0,0,1,Bob,Jones,c55a6ee5
18,0,8,0.0,0.0,0,1,0,0,1,Charlie,Taylor,48b7a45e
18,3,5,12.0,13.0,0,0,0,0,1,Dana,Brown,e1aceed5
20,4,6,12.25,11.5,0,1,0,0,1,Eli,Patel,678b534a
18,4,6,11.75,11.2,0,1,0,0,1,Alice,Smith,97253a47
20,4,5,11.0,11.5,0,0,0,0,1,Bob,Jones,50acc911
24,7,8,12.714285714285714,12.714285714285714,0,0,0,0,1,Charlie,Taylor,e3e7637a
19,2,5,10.0,11.75,0,1,0,1,1,Dana,Brown,9c2fe8cf
18,6,6,12.571428571428571,12.571428571428571,0,1,0,0,1,Eli,Patel,311b455c
18,6,7,13.39,12.757142857142856,0,1,0,0,1,Alice,Smith,6bea98d7
19,3,5,12.333333333333334,10.25,0,0,0,0,1,Bob,Jones,e3fe67ed
19,2,5,11.5,10.857142857142858,0,1,0,0,1,Charlie,Taylor,de99340b
19,6,6,15.0,14.0,0,0,0,0,1,Dana,Brown,354cc3c4
19,5,7,12.32,11.9,0,1,0,0,1,Eli,Patel,6cc10caa
20,6,6,11.333333333333334,10.571428571428571,0,1,1,1,1,Alice,Smith,7ea7aef7
33,4,5,12.0,13.666666666666666,0,1,1,0,1,Bob,Jones,70733fb2
20,5,6,12.8,11.6,0,1,1,0,1,Charlie,Taylor,ea3a6288
27,0,5,0.0,0.0,1,0,1,0,0,Dana,Brown,e78d2a16
33,6,8,12.833333333333334,12.0,0,0,0,0,1,Eli,Patel,55b7b7aa
20,5,6,13.2,12.833333333333334,0,1,0,1,1,Alice,Smith,d71384a6
19,5,6,11.6,11.666666666666666,0,1,0,0,1,Bob,Jones,be601d60
18,6,6,13.166666666666666,12.5,0,1,0,0,1,Charlie,Taylor,38ddebf0
19,5,6,12.6,12.375,0,1,0,0,1,Dana,Brown,d5c308f1
21,3,5,11.333333333333334,13.333333333333334,0,1,0,0,1,Eli,Patel,be7b5240
19,3,5,10.5,11.75,0,1,0,1,1,Alice,Smith,73ed7422
21,6,6,10.375,11.666666666666666,0,1,0,0,1,Bob,Jones,74f6481d
21,6,7,13.25,13.8375,0,1,0,0,1,Charlie,Taylor,6e40ae7e
18,7,7,12.50625,13.2,0,1,0,0,1,Dana,Brown,1a4b145d
19,5,6,12.2,11.5,0,1,0,1,1,Eli,Patel,adf06153
20,5,7,12.04,11.77142857142857,0,0,0,0,1,Alice,Smith,29833510
20,5,5,11.166666666666666,10.75,0,0,0,0,1,Bob,Jones,8f94e52f
20,4,5,12.5,13.0,0,1,0,0,1,Charlie,Taylor,86bbddb8
18,6,7,12.183333333333332,11.783333333333331,0,1,0,0,1,Dana,Brown,f420bfd9
18,2,5,10.0,11.333333333333334,0,0,0,0,1,Eli,Patel,3fe025da
21,6,6,11.166666666666666,14.666666666666666,0,1,1,0,1,Alice,Smith,8e010f64
20,3,6,11.0,11.333333333333334,0,1,1,1,1,Bob,Jones,5e4a3860
19,5,6,11.333333333333334,10.833333333333334,0,1,0,1,1,Charlie,Taylor,c9ebd546
19,5,7,11.2,11.2,0,1,1,1,1,Dana,Brown,386155f8
28,4,5,10.5,11.0,0,1,1,0,1,Eli,Patel,8244c129
21,3,5,11.25,11.0,0,0,1,0,1,Alice,Smith,52fe99d1
24,7,10,10.714285714285714,12.555555555555555,1,0,1,0,1,Bob,Jones,63057e7c
23,5,6,12.0,12.142857142857142,0,1,1,0,1,Charlie,Taylor,1b951a1d
20,6,6,12.166666666666666,12.0,0,1,1,0,1,Dana,Brown,d821643b
18,0,0,0.0,0.0,0,1,1,0,1,Eli,Patel,ac6c4cf0
23,9,13,11.0,11.571428571428571,0,0,0,0,1,Alice,Smith,965ce46d
23,4,6,11.5,12.2,0,1,0,0,1,Bob,Jones,c02c2766
39,4,5,11.25,11.5,0,0,0,0,1,Charlie,Taylor,50658951
22,3,5,12.666666666666666,12.0,0,1,0,0,1,Dana,Brown,9d7aef46
30,3,5,10.666666666666666,10.4,0,0,0,0,1,Eli,Patel,b687973b
35,3,5,11.666666666666666,11.8,0,0,0,1,1,Alice,Smith,f47f87f8
26,6,7,12.0,12.0,0,1,0,0,1,Bob,Jones,55a4b440
30,9,11,12.22222222222222,11.6,0,0,0,0,1,Charlie,Taylor,c6526984
25,4,5,11.0,12.0,1,0,1,0,1,Dana,Brown,2323d3a6
18,7,8,13.68142857142857,13.68142857142857,0,1,0,0,1,Eli,Patel,263ef855
23,6,7,12.1,12.616666666666667,0,0,0,0,1,Alice,Smith,e2019145
18,5,7,11.94,12.8,0,1,0,1,1,Bob,Jones,fbf6e668
31,5,6,11.0,10.166666666666666,1,0,0,0,1,Charlie,Taylor,476a8f6c
20,6,6,12.857142857142858,12.4,0,0,1,0,1,Dana,Brown,9889e627
19,5,10,11.0,10.0,0,0,1,0,1,Eli,Patel,7c11f10c
34,1,5,17.0,11.0,1,0,1,1,1,Alice,Smith,d46e1780
21,5,5,11.0,11.428571428571429,0,0,1,0,1,Bob,Jones,7cdbf484
21,0,6,0.0,10.0,0,1,1,0,1,Charlie,Taylor,07c9b9dc
24,4,6,11.25,10.428571428571429,0,0,1,0,1,Dana,Brown,67a2564c
20,5,6,12.4,13.0,1,0,1,0,0,Eli,Patel,56382435
19,1,5,13.0,10.0,0,0,1,0,1,Alice,Smith,28a40c9f
26,6,6,11.833333333333334,11.666666666666666,0,1,1,0,1,Bob,Jones,f63b1375
20,1,5,13.0,12.6,0,0,1,0,1,Charlie,Taylor,76559415
21,4,5,11.0,12.0,0,1,0,0,1,Dana,Brown,ca39b5f5
26,2,5,11.5,12.0,0,0,1,0,1,Eli,Patel,71b8b21c
19,7,8,14.06,14.06,0,1,0,1,1,Alice,Smith,9969f62a
19,4,5,11.25,11.714285714285714,0,0,0,0,1,Bob,Jones,a01df906
19,2,5,14.5,11.333333333333334,0,1,0,0,1,Charlie,Taylor,50017458
21,2,6,10.5,12.4,0,0,0,1,1,Dana,Brown,166ea4bb
19,4,5,12.8,14.5,0,1,0,0,1,Eli,Patel,4ff3061b
18,0,5,0.0,13.25,0,0,0,0,1,Alice,Smith,e8360722
20,6,6,13.571428571428571,13.6,0,0,0,0,1,Bob,Jones,9adc3c8f
32,5,5,10.2,11.25,0,0,0,0,1,Charlie,Taylor,a4594013
19,5,6,12.2,11.8,0,1,0,0,1,Dana,Brown,f4ed5885
19,6,6,13.428571428571429,14.0,0,1,0,0,1,Eli,Patel,1a1b1112
18,1,5,11.0,0.0,0,0,0,0,1,Alice,Smith,20bddab0
20,6,7,13.548333333333334,14.775,0,1,0,0,1,Bob,Jones,f41bff5a
19,6,6,12.166666666666666,12.5,0,0,0,0,1,Charlie,Taylor,1dba534c
24,5,5,10.8,11.0,0,1,0,0,1,Dana,Brown,e3025f67
29,8,13,10.5,10.333333333333334,0,1,0,0,1,Eli,Patel,affa21c0
19,6,7,11.15,12.814285714285717,0,0,0,0,1,Alice,Smith,8bb4cd18
19,3,6,11.666666666666666,13.625,0,0,0,0,1,Bob,Jones,821a1cdf
24,5,5,12.285714285714286,12.125,0,0,0,0,1,Charlie,Taylor,f4ffb9fa
28,4,7,13.375,13.5,1,0,0,0,1,Dana,Brown,4de31a98
38,5,8,13.126,13.126,0,0,0,0,1,Eli,Patel,d6559c92
19,3,6,10.333333333333334,11.8,0,1,0,0,1,Alice,Smith,fb2bf685
20,4,5,12.0,11.5,0,1,0,0,1,Bob,Jones,e1bf7ead
29,5,5,11.4,10.25,0,0,0,0,1,Charlie,Taylor,5e5f5189
19,7,8,12.771428571428572,12.771428571428572,0,1,0,1,1,Dana,Brown,e73b4d58
28,7,8,11.0,10.0,1,0,1,0,1,Eli,Patel,042f5066
27,0,6,0.0,0.0,0,0,1,0,1,Alice,Smith,3a5eeda3
18,4,5,11.25,12.25,0,1,1,1,1,Bob,Jones,a0cc08c4
20,5,6,12.4,15.0,0,0,1,0,1,Charlie,Taylor,2a97be05
23,1,6,13.0,11.25,0,1,1,0,1,Dana,Brown,84fb94d6
21,2,5,10.0,10.333333333333334,0,0,1,0,1,Eli,Patel,2579b3bc
34,5,5,14.2,14.6,0,0,1,0,1,Alice,Smith,4cb357c3
20,5,7,12.7,13.475,0,0,1,0,1,Bob,Jones,fa89e17d
24,8,9,13.333333333333334,13.11111111111111,0,1,1,0,1,Charlie,Taylor,2dc90365
39,4,5,12.25,12.75,0,0,1,0,1,Dana,Brown,147082a3
19,5,6,13.6,13.666666666666666,0,0,1,0,0,Eli,Patel,ffbe7901
38,2,5,10.5,11.333333333333334,0,0,1,0,1,Alice,Smith,70d71fa2
21,6,7,12.565,12.16,0,1,1,0,1,Bob,Jones,f1c3f7f8
19,6,6,13.166666666666666,13.2,1,0,1,0,1,Charlie,Taylor,7f8e795b
25,6,6,11.166666666666666,11.8,0,1,1,0,1,Dana,Brown,f97e717a
19,6,6,12.666666666666666,12.142857142857142,0,1,1,0,1,Eli,Patel,33156c79
33,5,7,13.06,0.0,0,0,1,0,1,Alice,Smith,368c16ea
18,0,5,0.0,0.0,0,1,1,0,1,Bob,Jones,5ccde6b3
19,4,5,12.5,10.5,1,1,1,0,0,Charlie,Taylor,8e4a2b4d
19,0,5,0.0,0.0,0,1,1,0,1,Dana,Brown,914ce769
18,7,8,13.154285714285717,13.154285714285717,0,1,1,0,1,Eli,Patel,1fe77d3d
19,2,5,11.5,11.4,0,0,1,0,1,Alice,Smith,dfab5eb8
22,3,6,13.333333333333334,12.75,0,0,1,0,1,Bob,Jones,963f21b6
18,5,5,11.8,12.0,0,1,1,0,1,Charlie,Taylor,7ff515fe
22,0,0,0.0,0.0,0,0,1,0,1,Dana,Brown,2890dadb
19,0,0,0.0,0.0,1,0,1,0,1,Eli,Patel,ec4df04a
19,2,5,12.5,11.6,0,1,1,0,1,Alice,Smith,eb70bf0e
24,7,8,13.142857142857142,11.833333333333334,1,0,1,0,1,Bob,Jones,5cc01591
18,5,5,15.0,14.2,0,0,1,1,0,Charlie,Taylor,3b86b359
20,1,6,10.0,13.0,0,0,0,0,1,Dana,Brown,9430b03b
18,6,6,12.166666666666666,11.2,0,1,0,1,1,Eli,Patel,fa5ed9cf
21,3,6,12.0,12.5,1,1,0,0,1,Alice,Smith,4b1a072c
33,7,7,12.857142857142858,12.666666666666666,1,0,0,0,0,Bob,Jones,2bd77eb0
26,3,6,11.75,12.8,0,1,0,0,1,Charlie,Taylor,c8c89fc5
21,5,6,11.833333333333334,13.25,0,0,0,0,1,Dana,Brown,efdfdca7
20,6,6,12.555555555555555,11.8,0,1,0,0,1,Eli,Patel,3e9d583f
20,2,5,14.5,11.25,0,0,0,0,1,Alice,Smith,c3a54d39
43,6,6,12.875,12.142857142857142,0,0,1,0,1,Bob,Jones,2ff2fe1a
26,5,5,12.0,10.2,0,0,1,0,1,Charlie,Taylor,f3285e98
33,1,5,13.0,14.0,0,1,1,0,1,Dana,Brown,bec9eff8
19,5,6,10.8,10.5,0,0,1,0,1,Eli,Patel,f8d2dd20
18,6,6,12.833333333333334,11.4,0,1,1,0,1,Alice,Smith,12960233
21,5,5,12.6,12.833333333333334,1,0,1,1,1,Bob,Jones,8b529b59
20,2,5,14.333333333333334,12.5,0,1,1,0,1,Charlie,Taylor,8395cd59
19,1,6,11.0,0.0,0,0,1,0,1,Dana,Brown,09ef7d10
24,5,5,11.833333333333334,14.0,0,0,1,1,1,Eli,Patel,fb12e06a
21,5,6,11.333333333333334,11.5,0,0,1,0,1,Alice,Smith,d4553fee
28,3,5,14.333333333333334,12.428571428571429,0,0,1,1,1,Bob,Jones,8a13fe73
28,6,6,14.428571428571429,15.6,0,0,0,0,1,Charlie,Taylor,d9234f6d
20,5,6,11.8,12.0,0,1,0,0,1,Dana,Brown,e8201eba
23,5,6,13.6,11.6,0,1,0,0,1,Eli,Patel,40d41d35
23,4,6,13.4,13.5,0,1,0,0,1,Alice,Smith,419dff40
25,3,7,13.0,11.666666666666666,0,0,0,0,1,Bob,Jones,cbb8b2ac
19,5,7,13.34,12.385714285714286,0,1,0,1,1,Charlie,Taylor,e702bf62
20,3,6,12.0,11.666666666666666,0,0,1,1,1,Dana,Brown,fca05cfa
19,5,6,11.5,11.333333333333334,0,0,1,0,1,Eli,Patel,5a3c1fc3
18,5,7,12.86,12.86,0,1,0,1,1,Alice,Smith,bae6b8db
18,7,7,12.59125,12.820000000000002,0,1,0,0,1,Bob,Jones,4a0f02fc
22,5,6,13.0,11.5,0,1,1,0,1,Charlie,Taylor,a9e6c391
18,0,5,0.0,15.0,0,1,1,0,1,Dana,Brown,ea1ac11b
19,5,6,13.2,13.25,0,1,1,0,1,Eli,Patel,ed5e214d
34,7,12,11.428571428571429,11.857142857142858,0,1,1,0,1,Alice,Smith,1550fd1b
19,6,6,11.166666666666666,11.666666666666666,0,0,1,1,1,Bob,Jones,07de2049
20,4,6,11.75,11.333333333333334,0,0,1,0,1,Charlie,Taylor,962fc279
20,6,6,14.5,15.0,0,1,0,1,1,Dana,Brown,8d0051bb
19,4,6,10.4,10.75,0,0,0,1,1,Eli,Patel,c1e63a41
21,7,7,13.0,12.5,1,1,0,0,1,Alice,Smith,5d27735d
18,6,6,14.166666666666666,13.428571428571429,0,1,0,0,1,Bob,Jones,476bf980
21,4,7,13.25,13.82,0,1,0,0,1,Charlie,Taylor,12c5ff29
22,1,6,11.0,0.0,0,1,1,0,1,Dana,Brown,d9a6468e
33,5,8,12.6,11.25,0,0,0,0,1,Eli,Patel,4d576d35
20,4,6,11.5,11.0,0,1,0,1,1,Alice,Smith,38b325a1
35,4,5,14.2,11.857142857142858,0,0,0,0,1,Bob,Jones,8d71fa38
22,4,6,12.5,13.666666666666666,0,1,0,0,1,Charlie,Taylor,7a52ca5a
20,6,6,11.666666666666666,11.6,0,1,0,0,1,Dana,Brown,d7f86058
20,3,5,13.0,13.0,0,1,0,0,1,Eli,Patel,474eca2b
21,11,12,11.545454545454543,11.7,1,1,1,0,1,Alice,Smith,178b74d0
23,1,5,10.0,0.0,0,1,1,0,1,Bob,Jones,6f04fa60
24,5,6,11.8,11.25,0,1,0,0,1,Charlie,Taylor,6a91b8b9
19,1,5,10.0,10.0,1,0,0,0,1,Dana,Brown,414ca78b
19,4,6,11.0,12.5,0,0,0,0,1,Eli,Patel,2bc55105
22,4,6,10.0,13.5,0,1,0,0,1,Alice,Smith,05967edb
36,3,5,11.0,13.375,0,0,0,0,1,Bob,Jones,c442f021
20,0,7,0.0,0.0,0,0,0,1,1,Charlie,Taylor,77da0a83
40,5,6,13.0,12.6,0,0,0,0,1,Dana,Brown,a64c5e63
19,3,5,10.8,10.5,0,1,0,0,1,Eli,Patel,e91d569f
20,0,7,0.0,11.666666666666666,0,0,0,0,1,Alice,Smith,6d78aa72
38,5,5,11.0,11.4,0,0,0,1,1,Bob,Jones,fee0316e
19,12,12,13.333333333333334,12.818181818181818,0,1,1,1,1,Charlie,Taylor,d3910ff2
21,1,6,10.0,11.4,0,1,0,1,1,Dana,Brown,8047cfcc
18,7,8,12.285714285714286,12.285714285714286,0,1,0,0,1,Eli,Patel,033fc420
19,5,6,12.4,12.75,0,0,0,0,1,Alice,Smith,896b808c
22,6,6,12.571428571428571,13.666666666666666,0,0,0,0,1,Bob,Jones,10346bd7
22,12,17,11.833333333333334,11.25,1,1,0,0,1,Charlie,Taylor,503f4368
20,6,6,12.166666666666666,14.0,0,0,0,0,1,Dana,Brown,0434d1fb
31,6,6,13.166666666666666,13.0,0,0,0,0,1,Eli,Patel,42bfe701
18,6,6,13.571428571428571,12.8,0,1,0,1,1,Alice,Smith,1d529283
21,2,5,11.5,11.0,1,0,0,0,1,Bob,Jones,0bc34a4f
19,4,6,11.25,12.0,0,1,0,0,1,Charlie,Taylor,c9e1cdf1
25,7,8,13.29,13.29,0,1,0,1,1,Dana,Brown,1ca1befc
33,8,10,10.375,10.444444444444445,0,0,0,0,1,Eli,Patel,3c964eee
20,7,7,12.333333333333334,12.625,0,1,0,0,1,Alice,Smith,e850db58
19,5,5,11.2,11.75,0,1,0,0,1,Bob,Jones,f5a20a82
20,6,6,11.833333333333334,13.333333333333334,0,1,0,0,1,Charlie,Taylor,1336fe14
18,6,6,14.833333333333334,12.5,0,1,0,0,0,Dana,Brown,a67dad6d
19,2,5,13.5,11.4,0,1,0,1,1,Eli,Patel,a28afe6f
24,7,8,11.971428571428572,11.971428571428572,0,1,0,1,1,Alice,Smith,97c53ffa
19,3,5,12.0,13.5,0,0,0,0,1,Bob,Jones,0531d32f
21,8,12,12.25,12.2,0,1,0,0,1,Charlie,Taylor,717cd031
18,5,6,12.2,11.6,0,0,0,0,1,Dana,Brown,09bc724a
24,5,7,12.4,12.15,0,0,0,0,1,Eli,Patel,0e2c4a1b
22,6,7,10.744444444444444,11.8375,0,1,0,0,1,Alice,Smith,37f5f6f1
44,4,6,12.75,10.0,0,0,0,1,0,Bob,Jones,26ecbe44
20,2,5,10.0,11.0,0,1,0,0,1,Charlie,Taylor,ecaadea0
19,0,0,0.0,0.0,1,1,0,0,1,Dana,Brown,828f20a3
18,7,8,13.242857142857144,13.242857142857144,0,1,0,1,1,Eli,Patel,9332ea7c
18,5,6,12.6,11.8,0,1,0,0,0,Alice,Smith,385c1b0c
21,4,5,12.25,11.8,0,0,0,1,1,Bob,Jones,7b270cbc
20,4,6,12.75,11.333333333333334,0,1,0,0,1,Charlie,Taylor,8f8d606c
18,0,6,0.0,11.0,0,1,0,1,1,Dana,Brown,36cba5e3
18,1,5,14.0,14.0,0,1,0,0,1,Eli,Patel,6e417028
27,6,6,12.125,12.0,1,1,0,0,1,Alice,Smith,46dc3d09
18,4,6,13.5,10.666666666666666,1,1,0,0,1,Bob,Jones,7d6fe312
20,0,5,0.0,0.0,0,1,0,0,1,Charlie,Taylor,7b8ae3cf
19,3,5,14.0,11.75,0,1,0,0,1,Dana,Brown,219499b7
20,6,6,12.666666666666666,11.5,0,1,0,0,1,Eli,Patel,1dcabcfb
22,4,6,12.25,11.6,0,1,0,0,1,Alice,Smith,ad758a98
22,3,6,15.0,10.25,0,1,0,0,1,Bob,Jones,142ca559
20,0,0,0.0,0.0,0,1,0,0,1,Charlie,Taylor,9c6b8949
18,6,6,13.5,13.333333333333334,0,0,0,0,1,Dana,Brown,c3548e4d
45,5,6,13.6,13.0,0,0,0,0,1,Eli,Patel,6bd66f43
25,4,5,11.25,12.0,1,0,0,0,1,Alice,Smith,6dc05d7d
20,3,5,10.5,11.25,0,1,1,0,1,Bob,Jones,15b61499
22,4,6,11.25,11.0,0,1,1,0,1,Charlie,Taylor,e7be2194
20,6,7,13.016666666666666,13.016666666666666,0,1,1,0,1,Dana,Brown,99b3cb76
18,6,6,11.714285714285714,10.375,0,1,0,0,1,Eli,Patel,8fd72d1f
21,3,5,12.666666666666666,12.75,0,0,0,0,1,Alice,Smith,226ca838
21,0,0,0.0,0.0,0,0,1,0,1,Bob,Jones,4e862be0
18,6,6,13.0,10.0,0,1,1,0,1,Charlie,Taylor,9d3c0ad1
18,3,5,14.0,12.666666666666666,0,0,1,0,1,Dana,Brown,ebc95c4d
25,6,6,13.166666666666666,12.6,0,1,1,0,1,Eli,Patel,bc0330dd
18,4,5,13.0,12.333333333333334,0,1,1,0,1,Alice,Smith,e2efe8b7
21,3,6,11.25,0.0,0,1,1,0,1,Bob,Jones,78110b0e
24,6,7,10.857142857142858,11.857142857142858,0,0,1,1,1,Charlie,Taylor,a18feba7
22,4,5,11.75,11.0,0,0,1,0,1,Dana,Brown,089246c8
28,8,13,11.625,11.0,0,1,1,0,1,Eli,Patel,7a0b84f1
18,0,5,0.0,10.0,0,1,1,0,1,Alice,Smith,eb68c052
21,3,5,12.333333333333334,11.25,1,0,1,0,1,Bob,Jones,3320c47c
28,4,5,11.5,12.0,0,0,0,0,1,Charlie,Taylor,03b6c087
21,3,5,10.666666666666666,12.5,0,1,0,0,1,Dana,Brown,5e0bd17d
20,1,6,17.0,17.0,0,1,0,0,1,Eli,Patel,4bbe9520
18,3,5,12.666666666666666,12.5,0,0,0,1,1,Alice,Smith,f38f8091
18,5,7,14.06,12.571428571428571,0,1,0,0,1,Bob,Jones,127a6c42
30,3,5,10.333333333333334,12.8,0,0,0,0,1,Charlie,Taylor,7ae6a8ee
18,4,6,11.5,10.75,0,1,0,0,1,Dana,Brown,5cafaa5a
18,6,7,11.833333333333334,11.833333333333334,0,1,1,0,1,Eli,Patel,1cfbc02b
19,2,6,13.0,10.833333333333334,0,0,0,0,1,Alice,Smith,dfab964a
20,0,6,0.0,0.0,0,0,0,0,1,Bob,Jones,3da4b75c
32,7,7,13.761111111111113,12.06375,0,0,0,0,1,Charlie,Taylor,ca1e9cda
18,4,5,11.25,11.0,0,0,0,0,1,Dana,Brown,96df52c3
21,5,6,12.6,11.666666666666666,0,1,0,0,1,Eli,Patel,3f221330
18,5,6,12.6,13.0,0,1,1,0,1,Alice,Smith,c9743354
20,4,6,12.0,11.333333333333334,0,1,1,0,1,Bob,Jones,6074d9be
19,4,6,13.0,12.2,0,1,1,1,1,Charlie,Taylor,cf879a58
25,5,10,11.6,13.0,0,1,1,0,1,Dana,Brown,fca5d4a3
18,1,6,12.0,11.0,0,1,0,0,1,Eli,Patel,7a4de274
18,6,7,11.666666666666666,13.5,0,1,0,0,1,Alice,Smith,56e4764d
20,7,7,11.4375,11.425,0,1,0,0,1,Bob,Jones,bf9bde2a
18,5,6,11.6,11.0,1,1,0,1,1,Charlie,Taylor,c5fef798
18,5,5,12.666666666666666,13.0,0,1,0,0,1,Dana,Brown,7af63035
19,6,7,12.933333333333332,13.716666666666669,0,1,1,0,1,Eli,Patel,62729d14
21,5,6,11.857142857142858,10.571428571428571,0,0,1,0,1,Alice,Smith,10ca3868
18,3,5,11.333333333333334,13.5,0,0,1,0,0,Bob,Jones,09c82fc1
24,2,5,11.5,14.333333333333334,0,0,0,0,1,Charlie,Taylor,fd5b907f
19,6,8,11.833333333333334,11.833333333333334,0,1,0,1,1,Dana,Brown,09551289
20,4,6,14.0,11.0,0,1,0,1,1,Eli,Patel,385ef9f2
18,0,0,0.0,0.0,0,1,0,0,1,Alice,Smith,28b90311
19,0,0,0.0,0.0,0,1,1,1,1,Bob,Jones,45e18308
19,5,6,11.4,10.0,0,1,1,0,1,Charlie,Taylor,fac08338
24,0,6,0.0,0.0,0,0,1,0,1,Dana,Brown,2c6b23b2
26,6,6,12.0,10.8,0,0,1,0,1,Eli,Patel,2972cb85
18,0,5,0.0,0.0,0,0,1,0,1,Alice,Smith,3686fecd
18,5,5,12.0,11.333333333333334,0,0,1,0,1,Bob,Jones,5d057366
23,4,5,14.0,13.8,0,1,1,0,1,Charlie,Taylor,3008e239
18,2,5,10.0,0.0,1,1,1,0,1,Dana,Brown,b3c3d652
19,5,5,14.0,13.25,0,1,1,0,1,Eli,Patel,40134b74
19,5,5,14.2,13.8,0,1,0,0,1,Alice,Smith,ef2ca2f9
20,6,7,11.666666666666666,13.0,0,1,0,0,1,Bob,Jones,4bbeb3ac
18,3,5,13.0,11.0,0,1,0,1,1,Charlie,Taylor,6877ba2f
20,6,7,11.616666666666667,13.0,0,0,0,0,1,Dana,Brown,e345af91
20,2,6,10.0,10.75,0,1,0,1,1,Eli,Patel,47c3dc18
20,3,5,10.333333333333334,10.666666666666666,0,0,0,0,1,Alice,Smith,ebe9e0d9
18,5,6,12.8,13.4,0,1,0,1,1,Bob,Jones,6748b93b
20,5,7,13.188,12.892857142857142,0,0,0,1,1,Charlie,Taylor,be0ef4ff
22,0,5,0.0,0.0,1,1,0,0,0,Dana,Brown,1496d4b0
18,0,0,0.0,0.0,0,1,0,0,1,Eli,Patel,2cd4333f
18,3,6,12.333333333333334,10.833333333333334,0,1,0,0,1,Alice,Smith,7980e52a
47,0,1,0.0,0.0,1,0,0,0,1,Bob,Jones,e71e4d79
28,4,5,11.25,10.5,0,1,0,0,1,Charlie,Taylor,88c525b3
18,3,5,11.666666666666666,13.5,0,1,0,1,1,Dana,Brown,0ad95564
26,6,6,12.666666666666666,13.166666666666666,0,0,0,1,1,Eli,Patel,2b4ab753
21,8,10,11.5,10.0,1,0,0,0,0,Alice,Smith,d00296f8
23,2,6,10.0,10.0,0,0,0,0,1,Bob,Jones,fb10554e
35,3,3,11.816666666666668,11.333333333333334,0,0,0,0,1,Charlie,Taylor,eba54cc3
25,6,7,12.125,13.3125,0,0,0,0,1,Dana,Brown,44fce788
19,6,7,12.471428571428572,11.4625,0,1,0,0,1,Eli,Patel,f940b708
24,11,17,12.909090909090908,13.555555555555555,0,1,0,0,1,Alice,Smith,c6112b1e
19,5,6,12.4,12.4,0,1,0,0,1,Bob,Jones,96f00ae5
18,1,6,11.0,0.0,0,1,0,0,1,Charlie,Taylor,0c255f19
18,6,6,11.833333333333334,12.5,0,0,0,0,1,Dana,Brown,241a1f4f
18,7,7,13.79714285714286,13.775,0,0,0,1,1,Eli,Patel,f67adff6
18,6,6,12.5,12.333333333333334,0,0,0,0,1,Alice,Smith,3c8899d4
24,6,6,11.428571428571429,13.0,0,0,0,0,1,Bob,Jones,c43d0c47
19,4,6,11.0,11.0,0,1,0,0,1,Charlie,Taylor,6e56f4a4
20,6,7,11.757142857142856,13.083333333333334,0,0,0,0,1,Dana,Brown,25b09a3d
19,3,5,10.333333333333334,13.0,0,1,0,0,1,Eli,Patel,b0a83f65
18,5,6,12.6,11.4,0,1,0,0,1,Alice,Smith,8abdb5a6
18,5,5,14.0,11.6,0,1,0,0,1,Bob,Jones,40a3f876
18,5,7,12.0,12.666666666666666,0,1,0,0,1,Charlie,Taylor,5f57ba29
19,4,5,12.0,12.0,0,1,0,0,1,Dana,Brown,6684574e
26,4,5,13.0,12.0,0,1,0,0,1,Eli,Patel,54daa87e
36,13,16,10.692307692307692,12.307692307692308,0,0,0,0,1,Alice,Smith,056da139
20,5,6,12.0,11.25,0,0,0,0,1,Bob,Jones,ba855d45
30,0,6,0.0,0.0,1,0,0,1,1,Charlie,Taylor,6da09b77
20,3,5,10.333333333333334,11.0,0,1,0,0,1,Dana,Brown,19a02640
19,5,7,13.98,13.98,0,1,0,0,1,Eli,Patel,b7f41e79
19,1,5,11.0,11.2,0,0,0,0,1,Alice,Smith,18128c06
31,4,5,11.25,10.833333333333334,0,0,0,1,1,Bob,Jones,532f294c
42,10,11,11.9,12.8,1,0,0,0,1,Charlie,Taylor,30b0a271
18,7,7,12.285714285714286,13.333333333333334,0,1,0,1,0,Dana,Brown,175b7099
21,5,6,12.666666666666666,13.5,0,1,0,0,1,Eli,Patel,cd1e5dbd
20,6,7,13.25,13.75,0,0,0,0,1,Alice,Smith,27e01890
19,3,6,10.333333333333334,10.333333333333334,0,0,0,0,1,Bob,Jones,500bc94f
22,5,6,13.166666666666666,12.4,0,1,0,0,1,Charlie,Taylor,dffc98a2
21,4,6,12.75,11.0,0,1,0,0,1,Dana,Brown,e2c04dbc
26,5,7,11.2,12.14,0,0,0,0,1,Eli,Patel,c80aca37
18,5,6,11.6,11.2,0,0,0,1,1,Alice,Smith,b97242db
20,3,6,10.333333333333334,10.333333333333334,0,1,0,0,1,Bob,Jones,45133160
19,4,6,12.25,11.0,0,1,0,0,1,Charlie,Taylor,12e71276
19,6,6,12.0,12.75,0,0,0,0,1,Dana,Brown,63905d0c
20,3,5,11.333333333333334,10.666666666666666,0,1,0,0,1,Eli,Patel,c436eedd
20,4,6,11.25,10.5,0,0,0,1,1,Alice,Smith,9bd818d5
18,0,2,0.0,16.0,0,0,0,0,1,Bob,Jones,39f81d53
18,1,5,12.0,12.0,1,1,0,0,1,Charlie,Taylor,390cc65b
20,5,6,12.8,12.8,0,1,0,1,1,Dana,Brown,9391a631
19,5,5,11.8,11.25,0,1,0,0,1,Eli,Patel,6016e2e2
20,5,6,10.6,10.4,0,0,0,0,1,Alice,Smith,6a4ba862
20,5,6,14.333333333333334,12.625,0,1,0,0,1,Bob,Jones,490a162f
21,5,6,13.2,11.8,0,1,0,1,1,Charlie,Taylor,fc7d5736
20,6,6,12.666666666666666,13.0,0,0,0,0,1,Dana,Brown,38e459b8
22,5,6,13.333333333333334,11.4,1,1,0,0,1,Eli,Patel,bf55c7bb
18,6,7,10.666666666666666,12.833333333333334,0,1,0,0,1,Alice,Smith,ef521889
20,3,5,11.333333333333334,12.6,0,1,0,0,1,Bob,Jones,eee0124b
18,5,6,12.2,10.833333333333334,0,0,0,0,0,Charlie,Taylor,988717e7
27,4,7,14.0,12.525,0,0,0,0,1,Dana,Brown,cfcedf31
26,7,7,14.75,13.8,0,0,0,0,1,Eli,Patel,3ce10368
18,4,6,10.75,0.0,0,1,0,0,1,Alice,Smith,4efadebc
24,1,5,12.0,10.5,0,1,1,0,1,Bob,Jones,113f2495
19,3,5,11.666666666666666,11.666666666666666,0,0,1,1,1,Charlie,Taylor,57f7724c
20,5,5,10.0,12.0,0,0,1,0,1,Dana,Brown,46c08e33
18,5,5,13.2,12.6,0,1,1,1,1,Eli,Patel,85ac6f21
20,4,5,10.2,11.0,0,0,1,0,1,Alice,Smith,ab9e8b62
25,5,5,14.2,13.5,0,0,1,0,1,Bob,Jones,00e6f965
22,6,6,12.625,14.5,1,0,1,0,1,Charlie,Taylor,79dc9625
18,6,8,13.496666666666668,13.496666666666668,0,0,1,0,1,Dana,Brown,12aaaf7f
20,3,5,11.0,12.0,0,1,1,0,1,Eli,Patel,e5a68bfd
23,3,6,11.5,10.666666666666666,1,1,1,0,1,Alice,Smith,fcb6be8d
20,2,5,11.0,12.666666666666666,0,1,1,0,1,Bob,Jones,9dc8faf2
20,3,5,12.4,10.833333333333334,0,0,1,0,1,Charlie,Taylor,2f9f739b
28,5,5,10.6,10.2,0,1,0,1,1,Dana,Brown,912a94f9
19,6,6,14.833333333333334,13.285714285714286,0,1,0,0,1,Eli,Patel,79f6e5d1
19,4,7,12.45,11.7,0,0,0,0,1,Alice,Smith,5e0bf0bb
20,5,6,13.4,13.0,0,1,0,0,1,Bob,Jones,49dbac51
20,6,6,13.333333333333334,14.0,1,0,0,0,1,Charlie,Taylor,c1f627b3
18,5,7,11.98,11.98,0,1,0,1,1,Dana,Brown,b7f9583a
20,4,5,11.0,13.2,0,0,0,0,1,Eli,Patel,b9e5df40
19,5,6,12.666666666666666,11.75,0,1,0,0,1,Alice,Smith,ae2e2c87
19,5,6,12.2,13.0,0,1,0,0,1,Bob,Jones,a9cfaa56
27,3,5,10.666666666666666,11.4,0,0,0,0,1,Charlie,Taylor,a4efc4f6
18,3,5,11.666666666666666,11.0,0,0,0,0,1,Dana,Brown,4d4aff85
18,2,5,10.5,12.333333333333334,0,1,0,0,1,Eli,Patel,2cb03565
18,8,8,14.26875,14.26875,0,1,0,0,1,Alice,Smith,8124ac30
19,2,5,10.5,13.333333333333334,0,1,0,1,1,Bob,Jones,e2500881
21,5,6,11.2,10.0,0,0,0,0,1,Charlie,Taylor,60cf76bf
23,9,12,13.666666666666666,13.5,0,1,0,0,0,Dana,Brown,c13ea23a
19,5,6,11.4,10.0,1,1,0,1,1,Eli,Patel,6ce0bd45
18,5,6,10.6,10.0,1,0,0,0,1,Alice,Smith,2f1de482
19,5,7,11.8,11.708333333333334,0,1,0,0,1,Bob,Jones,127d8e91
18,5,6,11.833333333333334,12.0,0,1,0,0,1,Charlie,Taylor,4066ec9f
21,6,6,12.571428571428571,13.0,0,0,1,0,1,Dana,Brown,0b8d72f8
20,3,6,10.0,10.8,0,0,1,0,1,Eli,Patel,84d3759f
20,5,6,13.2,12.0,0,0,1,0,0,Alice,Smith,e9284953
37,5,5,15.8,17.6,0,0,1,0,1,Bob,Jones,2e1affe2
18,5,6,13.8,12.4,0,1,1,0,1,Charlie,Taylor,3a359aed
23,6,6,13.0,12.0,0,0,1,0,1,Dana,Brown,c589edbd
18,4,6,13.75,11.2,0,1,1,0,1,Eli,Patel,5d49cfad
32,7,11,11.285714285714286,12.333333333333334,0,0,1,0,1,Alice,Smith,f73b55fe
19,11,12,12.0,11.181818181818182,1,1,1,0,1,Bob,Jones,6975f1b1
20,0,0,0.0,0.0,0,1,1,0,1,Charlie,Taylor,cebec425
40,1,5,11.0,10.0,1,0,1,0,1,Dana,Brown,9046d40c
20,5,5,10.2,11.2,0,0,1,0,1,Eli,Patel,34b8c092
20,4,5,12.0,12.4,0,1,0,0,1,Alice,Smith,4203d979
19,6,7,13.411428571428573,13.294444444444444,0,1,0,0,1,Bob,Jones,32f996f4
19,4,6,11.8,12.2,0,1,0,0,1,Charlie,Taylor,22e89981
20,6,7,11.833333333333334,14.333333333333334,0,0,0,0,1,Dana,Brown,2451547b
18,6,8,13.345,13.345,0,1,0,0,1,Eli,Patel,1e7b35c2
18,6,6,12.166666666666666,12.75,0,1,0,0,1,Alice,Smith,05fc847f
22,6,6,11.0,12.0,0,1,0,1,0,Bob,Jones,31c4eba1
20,2,5,11.5,10.0,1,1,0,0,1,Charlie,Taylor,b4f32c3e
23,6,6,14.0,13.0,1,0,0,0,0,Dana,Brown,31d6f9a3
20,6,6,11.166666666666666,11.5,0,1,0,0,1,Eli,Patel,e06c6f98
21,5,5,12.8,12.666666666666666,0,0,0,0,1,Alice,Smith,9c651c97
20,6,6,12.5,11.5,0,0,0,0,1,Bob,Jones,69842acf
20,7,7,13.462857142857144,13.164285714285716,0,1,0,1,0,Charlie,Taylor,9d5839b5
20,6,7,14.714285714285714,13.2,0,1,0,0,1,Dana,Brown,10eb845d
21,5,5,13.2,12.5,1,0,0,0,1,Eli,Patel,283404e1
18,4,5,12.0,11.0,0,1,1,0,1,Alice,Smith,39adaf4a
23,5,7,12.414285714285713,13.5,0,1,1,0,1,Bob,Jones,cba5db2d
22,4,5,11.5,14.0,0,0,1,0,0,Charlie,Taylor,0375b796
18,4,5,14.25,12.714285714285714,0,1,0,0,1,Dana,Brown,77dc8d30
22,5,6,12.6,11.25,0,1,0,0,1,Eli,Patel,3988a9da
18,0,5,0.0,0.0,1,1,1,0,0,Alice,Smith,2dae6a2a
21,5,7,11.2,11.583333333333334,0,0,1,1,1,Bob,Jones,9d0d9790
21,6,6,10.833333333333334,11.0,0,1,0,0,1,Charlie,Taylor,08c38b9b
20,4,6,11.25,10.0,0,1,0,0,1,Dana,Brown,24a19681
37,2,5,10.0,11.333333333333334,0,0,0,0,1,Eli,Patel,c7312b02
37,7,8,11.375,12.166666666666666,1,0,0,0,1,Alice,Smith,02be9ca2
28,0,6,0.0,0.0,1,1,0,0,1,Bob,Jones,74a8b61a
18,1,5,11.0,12.5,0,1,0,0,1,Charlie,Taylor,3ebec862
34,7,8,11.705714285714285,11.705714285714285,0,1,0,0,1,Dana,Brown,8e7be6b2
31,6,6,12.0,13.428571428571429,0,0,0,0,1,Eli,Patel,1721ab9a
18,6,6,12.666666666666666,12.25,0,1,0,0,1,Alice,Smith,ac46972b
31,0,6,0.0,0.0,0,1,0,0,1,Bob,Jones,be401945
18,2,5,11.666666666666666,12.5,0,0,1,0,1,Charlie,Taylor,6ee26491
24,3,5,10.666666666666666,10.5,0,0,1,0,1,Dana,Brown,be906b78
18,3,5,12.0,10.333333333333334,1,1,1,0,0,Eli,Patel,d82453e5
41,4,5,11.0,11.4,0,0,1,1,1,Alice,Smith,4420148a
34,4,5,11.75,10.833333333333334,0,0,1,0,1,Bob,Jones,de528c64
20,5,7,14.46,13.55,0,1,0,1,1,Charlie,Taylor,2fa31e57
22,5,6,12.8,11.5,0,1,0,0,1,Dana,Brown,b282ab6e
18,4,6,12.0,10.75,0,0,0,1,1,Eli,Patel,a469c066
18,6,6,14.333333333333334,14.0,0,0,0,1,1,Alice,Smith,371dd46c
18,5,6,12.333333333333334,10.6,0,0,0,0,1,Bob,Jones,f62ceb13
18,5,6,13.6,11.75,1,1,0,0,1,Charlie,Taylor,48641f5c
19,4,6,12.5,12.5,0,0,0,0,1,Dana,Brown,2557be44
21,5,6,12.2,12.6,0,1,0,0,1,Eli,Patel,ed7d44df
18,5,7,11.4,13.333333333333334,0,1,0,0,1,Alice,Smith,97ff2e0d
18,0,0,0.0,0.0,0,0,0,0,1,Bob,Jones,06beeb4c
18,3,6,12.0,10.25,0,1,0,0,1,Charlie,Taylor,f6c42a2c
21,6,10,11.166666666666666,10.571428571428571,0,0,0,0,1,Dana,Brown,41bd0fb3
20,5,7,12.62,12.5,0,1,0,1,1,Eli,Patel,bf408bb2
25,3,5,10.666666666666666,11.333333333333334,0,0,0,0,1,Alice,Smith,aa91852e
25,7,7,11.857142857142858,11.7,0,1,0,0,1,Bob,Jones,5e31e183
24,4,6,15.75,16.4,0,1,0,0,1,Charlie,Taylor,7df6fd85
19,4,5,11.0,10.666666666666666,0,1,0,0,1,Dana,Brown,ec338f2e
19,5,5,12.4,11.0,0,0,0,1,1,Eli,Patel,0e2b2ee6
20,3,5,12.0,12.625,0,1,0,1,1,Alice,Smith,1fa0f85b
18,0,0,0.0,0.0,0,1,0,0,1,Bob,Jones,a84e9772
18,6,7,12.0,12.166666666666666,0,0,0,0,1,Charlie,Taylor,a7f7d1e1
19,3,5,10.333333333333334,14.428571428571429,0,1,0,0,1,Dana,Brown,9a50eb8e
19,5,7,12.94,13.76,0,1,0,0,1,Eli,Patel,fcf93d49
19,4,5,12.25,12.0,0,1,0,0,1,Alice,Smith,52ec6608
32,4,7,13.625,12.6375,0,1,0,0,1,Bob,Jones,941baeab
24,4,5,12.0,12.666666666666666,0,0,1,0,1,Charlie,Taylor,67f71a5a
19,6,7,13.598333333333334,11.933333333333332,0,1,0,0,1,Dana,Brown,e286b76e
45,11,11,12.7,12.96818181818182,0,1,0,0,1,Eli,Patel,fbd745c3
18,6,7,11.5,12.714285714285714,0,1,0,0,1,Alice,Smith,ebb59bbb
37,6,6,12.875,12.9,1,0,0,0,1,Bob,Jones,156fb613
20,4,6,10.75,11.5,0,0,0,1,1,Charlie,Taylor,3cf2e260
18,6,7,13.533333333333331,12.228571428571428,0,1,0,1,1,Dana,Brown,e9adaed1
21,8,9,13.25,12.2,1,1,0,0,1,Eli,Patel,3b4dc0eb
25,1,5,11.0,10.0,0,0,1,0,1,Alice,Smith,63584549
21,1,6,12.0,11.0,1,1,0,0,1,Bob,Jones,329e4265
19,0,5,0.0,14.75,0,1,0,0,1,Charlie,Taylor,162236c7
23,8,11,12.375,12.6,1,0,0,0,1,Dana,Brown,3fc58e5f
18,5,6,12.6,12.428571428571429,0,0,0,0,1,Eli,Patel,00a09a43
24,4,6,12.25,11.5,0,0,1,1,1,Alice,Smith,38f46415
20,6,6,11.375,13.8,0,1,1,1,1,Bob,Jones,541bf901
18,4,5,13.5,13.625,0,0,1,1,1,Charlie,Taylor,15754e86
26,4,6,10.0,12.0,0,1,1,0,1,Dana,Brown,96c4aa0f
18,6,6,12.333333333333334,12.0,0,1,0,0,1,Eli,Patel,593347bd
19,3,5,12.0,11.75,0,1,0,0,1,Alice,Smith,1521f580
20,6,7,13.5,14.0,0,1,0,0,1,Bob,Jones,b37573f8
18,4,5,10.666666666666666,12.0,0,1,0,0,1,Charlie,Taylor,9e0ec3d0
21,4,6,12.5,12.666666666666666,0,1,0,0,1,Dana,Brown,3ae97998
18,4,6,11.5,13.75,0,0,0,0,1,Eli,Patel,b89e550a
20,3,6,11.2,12.0,0,1,0,0,1,Alice,Smith,423e4b04
19,5,6,13.0,10.4,0,1,0,0,1,Bob,Jones,d860698b
27,6,7,12.6,11.685714285714283,0,0,0,1,1,Charlie,Taylor,880223c7
19,5,5,12.8,12.0,1,1,0,1,0,Dana,Brown,da8dd6aa
19,5,7,13.04,12.5,0,1,0,1,1,Eli,Patel,1d067cd5
23,11,11,13.166666666666666,13.333333333333334,1,1,0,0,0,Alice,Smith,9a7b1341
20,5,6,10.6,11.166666666666666,0,0,0,1,1,Bob,Jones,765ddca4
20,6,6,13.428571428571429,12.666666666666666,0,0,0,0,1,Charlie,Taylor,c0fae540
18,5,5,12.0,12.5,0,1,1,0,1,Dana,Brown,5e89cb28
21,4,5,11.5,10.6,0,1,1,0,1,Eli,Patel,5281f3a9
20,6,6,13.333333333333334,13.0,0,1,0,0,1,Alice,Smith,04c5c7fb
18,0,0,0.0,0.0,0,1,0,0,1,Bob,Jones,b6d0395a
19,5,6,12.2,10.8,0,1,0,0,1,Charlie,Taylor,0ca6b306
19,4,6,11.0,11.666666666666666,0,1,0,1,1,Dana,Brown,3bcc7a0e
19,5,5,11.6,12.666666666666666,0,1,0,1,1,Eli,Patel,5a1f6858
18,4,5,13.5,13.4,0,1,0,0,1,Alice,Smith,eaeff75b
19,5,6,13.4,13.5,0,1,0,0,1,Bob,Jones,b4a83d47
21,3,6,10.2,12.25,0,1,0,1,1,Charlie,Taylor,1dc1788a
18,6,6,10.833333333333334,11.0,0,1,0,1,1,Dana,Brown,00786ebe
18,6,7,12.816666666666668,12.875,0,1,0,1,1,Eli,Patel,69ffeb03
19,2,6,13.5,11.0,1,0,0,0,1,Alice,Smith,3f3067a0
20,4,5,11.6,12.25,0,0,1,0,1,Bob,Jones,adb387c0
20,5,5,12.0,13.0,0,0,1,0,1,Charlie,Taylor,f5bd711a
18,6,7,13.976666666666668,12.041666666666666,0,1,1,0,1,Dana,Brown,597ab2af
19,4,6,12.5,10.0,0,1,1,0,1,Eli,Patel,d2702778
19,3,5,11.666666666666666,12.0,0,1,1,0,1,Alice,Smith,0745d06d
20,6,6,11.833333333333334,10.4,0,1,1,0,1,Bob,Jones,803cf35b
21,4,5,13.2,14.25,0,1,1,0,1,Charlie,Taylor,d26ed085
18,5,5,12.0,11.4,0,1,1,0,1,Dana,Brown,e6187e0e
20,4,6,11.6,11.5,0,1,1,0,1,Eli,Patel,09f58862
20,4,5,12.0,12.5,0,1,1,0,1,Alice,Smith,86e6a40f
25,6,6,11.285714285714286,12.2,0,1,0,1,1,Bob,Jones,30978332
28,5,6,12.0,12.333333333333334,0,0,1,0,1,Charlie,Taylor,fab7b846
35,5,7,13.34,10.84,0,0,0,0,1,Dana,Brown,bb7cb898
27,7,8,12.457142857142856,12.457142857142856,0,0,0,0,1,Eli,Patel,11420337
31,4,5,10.5,10.5,0,0,0,1,1,Alice,Smith,a6b86ef8
47,4,5,10.0,12.5,0,0,1,0,1,Bob,Jones,bf3c3d3d
20,0,0,0.0,0.0,0,0,1,1,1,Charlie,Taylor,0e4a60ba
18,0,0,0.0,0.0,0,1,1,0,1,Dana,Brown,fb362a10
39,2,6,13.0,13.0,0,0,0,0,1,Eli,Patel,6a83dc7d
30,4,5,14.5,16.2,1,0,1,0,1,Alice,Smith,0f03a13f
41,4,6,12.25,12.5,0,0,0,0,1,Bob,Jones,ca32b6b5
18,5,6,12.6,11.8,0,0,0,0,0,Charlie,Taylor,c3967d84
18,0,5,0.0,0.0,1,1,1,0,1,Dana,Brown,181869ea
20,7,7,12.857142857142858,12.75,0,0,1,0,1,Eli,Patel,1924555e
21,5,6,13.6,14.25,0,1,0,0,1,Alice,Smith,c5e7cc04
20,3,6,12.0,11.0,1,1,0,0,0,Bob,Jones,a4af2078
20,6,6,13.166666666666666,14.0,0,0,0,0,1,Charlie,Taylor,435b20cd
19,0,7,0.0,11.666666666666666,1,0,0,0,1,Dana,Brown,55558c0b
45,12,12,14.0,13.857142857142858,0,1,0,0,1,Eli,Patel,cf216a7e
28,4,5,11.25,13.0,0,0,0,0,1,Alice,Smith,a61a3742
18,0,0,0.0,0.0,0,1,1,1,1,Bob,Jones,7467388d
18,1,6,11.0,11.0,0,1,0,0,1,Charlie,Taylor,44a56f55
18,4,5,12.0,12.25,0,1,0,0,1,Dana,Brown,2ef41688
21,5,5,11.166666666666666,10.8,0,1,1,0,1,Eli,Patel,938c82a2
18,4,5,11.5,10.333333333333334,0,1,1,0,1,Alice,Smith,d9728226
19,2,5,10.5,11.75,0,1,1,0,1,Bob,Jones,d37e2fda
19,4,5,12.5,11.0,0,0,1,0,1,Charlie,Taylor,e5087a17
22,6,7,12.833333333333334,12.5,0,1,1,0,1,Dana,Brown,45b9d652
21,6,6,12.285714285714286,14.25,0,0,1,0,1,Eli,Patel,666214c4
18,5,6,11.0,10.333333333333334,0,1,1,0,1,Alice,Smith,f6fcc938
20,11,12,12.545454545454543,11.625,1,1,1,0,1,Bob,Jones,92fbf2e7
18,6,6,12.666666666666666,13.6,0,1,1,0,1,Charlie,Taylor,40998b6a
18,5,5,13.0,12.4,0,1,1,0,1,Dana,Brown,f5f94101
54,13,13,13.307692307692308,12.818181818181818,0,0,1,0,1,Eli,Patel,feb8e933
19,7,8,14.514285714285714,14.514285714285714,0,0,0,0,1,Alice,Smith,e7101f51
27,5,5,15.2,14.0,0,0,0,0,1,Bob,Jones,237a3a8b
20,4,5,11.75,10.5,0,0,0,0,1,Charlie,Taylor,fbdf8731
20,0,0,0.0,0.0,0,1,0,0,1,Dana,Brown,224e82e4
19,6,6,14.0,15.0,0,1,0,0,1,Eli,Patel,7a229f76
25,4,5,12.5,11.0,0,0,0,0,1,Alice,Smith,bbf66a22
19,3,5,10.666666666666666,14.0,0,1,1,0,1,Bob,Jones,f5da6ca0
19,4,6,12.25,12.666666666666666,0,0,1,0,1,Charlie,Taylor,e3c7f7af
20,0,0,0.0,0.0,0,1,1,0,1,Dana,Brown,8d04cf76
19,5,5,11.8,12.4,0,0,1,0,1,Eli,Patel,caa50735
18,2,5,14.0,11.0,0,0,1,0,1,Alice,Smith,92057f0e
19,4,5,10.75,12.25,0,1,1,0,1,Bob,Jones,d570be36
31,4,6,12.25,12.0,0,0,0,0,1,Charlie,Taylor,12681043
24,4,6,12.5,11.5,1,0,0,0,0,Dana,Brown,154e72e2
33,1,8,10.0,10.0,0,0,1,1,1,Eli,Patel,3a05ecd1
20,4,6,12.0,10.75,0,1,0,1,1,Alice,Smith,60ef90d7
44,9,11,12.333333333333334,11.0,0,0,1,0,1,Bob,Jones,27850bfe
18,6,7,12.035714285714286,13.75,0,1,1,0,1,Charlie,Taylor,dc4f8bc9
19,5,6,12.2,12.0,0,1,1,0,1,Dana,Brown,0968133c
21,7,9,11.285714285714286,12.25,0,1,1,0,1,Eli,Patel,07828dab
20,5,6,11.8,12.0,0,1,1,0,1,Alice,Smith,80eb3bfd
20,0,5,0.0,10.5,0,0,1,0,1,Bob,Jones,9d2eedea
18,5,5,14.2,14.2,0,0,1,1,0,Charlie,Taylor,de3760e5
19,10,12,12.7,12.272727272727272,1,0,1,0,1,Dana,Brown,1f33b6b9
26,8,8,15.125,13.666666666666666,0,0,1,0,0,Eli,Patel,e1344804
32,3,7,12.0,10.333333333333334,1,0,1,0,1,Alice,Smith,8d4b480c
23,4,6,14.25,12.0,0,1,0,1,1,Bob,Jones,852db5d8
24,2,5,10.5,10.0,0,0,0,0,1,Charlie,Taylor,cd1dde8d
25,5,6,11.666666666666666,12.0,0,1,1,0,1,Dana,Brown,9ee6a25a
19,5,6,10.8,10.0,0,1,1,0,1,Eli,Patel,c62ec444
21,5,6,12.8,12.25,0,0,1,0,1,Alice,Smith,ebb57a5e
19,4,5,11.0,12.0,1,1,1,0,1,Bob,Jones,cdbb9313
25,3,5,11.0,11.5,0,0,1,0,1,Charlie,Taylor,885d30b0
21,4,7,13.125,12.333333333333334,0,1,0,0,1,Dana,Brown,f7a734fa
19,5,5,11.8,11.5,0,0,1,1,1,Eli,Patel,20b851e9
18,5,5,12.2,12.0,0,0,1,1,0,Alice,Smith,a4d929b9
24,6,6,14.88888888888889,13.727272727272728,1,0,1,0,1,Bob,Jones,000daff9
19,5,6,13.0,11.666666666666666,0,1,0,0,0,Charlie,Taylor,9e6dd4f9
19,4,7,12.65,11.1,0,1,0,1,1,Dana,Brown,e80945de
19,1,5,11.0,0.0,0,1,0,0,1,Eli,Patel,7f6476e3
21,3,5,11.333333333333334,10.5,0,1,0,0,1,Alice,Smith,ff2cef8b
18,4,5,11.571428571428571,12.0,0,0,0,1,1,Bob,Jones,e83de836
39,5,7,12.16,12.16,0,1,0,0,1,Charlie,Taylor,5253eaa6
20,5,5,13.2,11.4,1,1,1,0,1,Dana,Brown,c043cdbe
19,3,6,12.5,11.0,0,0,1,0,1,Eli,Patel,e977ac53
27,2,2,12.5,12.5,0,0,1,0,1,Alice,Smith,54e880bb
34,0,5,0.0,11.0,0,0,1,0,1,Bob,Jones,38093acc
41,5,7,14.333333333333334,14.636363636363637,1,0,1,0,1,Charlie,Taylor,a14d2cbd
48,4,7,11.75,11.725,0,0,0,0,1,Dana,Brown,fb22516a
18,0,0,0.0,0.0,0,1,0,0,1,Eli,Patel,d3ecdfa2
19,2,6,10.5,11.0,0,1,0,0,1,Alice,Smith,48bd8b5b
21,4,6,12.0,11.5,0,0,0,0,1,Bob,Jones,54db66ab
19,5,6,12.333333333333334,11.0,0,1,0,0,1,Charlie,Taylor,2ce49729
20,5,6,12.2,14.6,1,0,0,0,1,Dana,Brown,88571dc6
20,5,6,14.2,13.5,0,1,0,0,1,Eli,Patel,beca1158
18,5,6,12.8,10.0,0,0,0,0,1,Alice,Smith,8e8bbf3b
18,5,6,11.8,13.0,0,0,0,1,0,Bob,Jones,11aca562
17,5,8,12.46,12.46,0,1,0,0,1,Charlie,Taylor,986a127b
18,5,6,11.833333333333334,11.5,0,1,0,0,1,Dana,Brown,310af002
24,8,9,13.125,13.0,1,1,0,0,0,Eli,Patel,213a58be
20,0,8,0.0,0.0,0,0,0,1,1,Alice,Smith,0ba9f795
18,3,5,12.333333333333334,11.6,0,1,0,0,1,Bob,Jones,f9bd8b68
18,4,6,13.25,10.666666666666666,1,0,0,0,1,Charlie,Taylor,1c8744a4
20,8,11,12.625,11.0,1,0,0,0,1,Dana,Brown,423bd4d7
19,4,7,12.85,12.62142857142857,0,1,0,0,1,Eli,Patel,299a9cb9
20,6,6,14.285714285714286,13.0,0,0,0,0,1,Alice,Smith,dd154e2d
34,0,5,0.0,0.0,0,0,0,0,1,Bob,Jones,172157a0
18,4,6,11.25,12.2,0,1,0,0,1,Charlie,Taylor,547dd7b1
25,6,6,11.333333333333334,11.75,1,0,0,0,1,Dana,Brown,54ec9c99
21,5,6,11.6,13.0,0,1,0,0,1,Eli,Patel,84a37f17
34,2,5,11.5,11.75,0,0,0,0,1,Alice,Smith,c9f31fd4
17,0,0,0.0,0.0,0,1,1,0,1,Bob,Jones,530c6990
22,3,6,14.5,14.375,0,0,1,0,1,Charlie,Taylor,41c8e4b9
19,5,7,13.44,13.066666666666668,0,1,0,0,1,Dana,Brown,ec400313
20,6,6,13.0,12.0,0,0,0,0,1,Eli,Patel,d03f9db9
19,5,6,12.666666666666666,11.0,0,1,0,0,1,Alice,Smith,0cca307c
21,5,5,12.2,11.333333333333334,0,1,0,0,1,Bob,Jones,02507f7c
21,5,6,11.8,11.833333333333334,0,0,0,0,1,Charlie,Taylor,88e99516
18,5,7,12.16,13.4,0,0,0,1,1,Dana,Brown,eec4c916
18,1,6,15.0,12.5,0,1,0,0,1,Eli,Patel,0d8cc8e0
18,2,5,11.5,11.8,0,1,0,0,1,Alice,Smith,a0be247a
19,1,5,13.0,15.333333333333334,0,1,0,0,1,Bob,Jones,53250937
18,0,0,0.0,0.0,0,1,0,0,1,Charlie,Taylor,eb77661a
18,6,6,12.0,12.75,0,0,0,0,1,Dana,Brown,ee91a4fd
18,7,7,12.385714285714286,12.728571428571428,0,1,0,0,1,Eli,Patel,deab4a8e
18,5,6,12.4,14.166666666666666,1,1,0,0,0,Alice,Smith,81a44ce0
21,3,6,11.75,12.333333333333334,0,1,0,0,1,Bob,Jones,4ef5160b
18,0,0,0.0,0.0,0,1,0,0,1,Charlie,Taylor,52522c6d
19,1,6,11.5,10.5,0,1,0,0,1,Dana,Brown,0e8b25e6
18,6,6,12.0,11.142857142857142,0,0,0,1,1,Eli,Patel,295f3f97
18,0,0,0.0,0.0,0,1,1,1,1,Alice,Smith,b6a992bd
18,3,5,11.0,11.0,0,0,1,0,1,Bob,Jones,e699a3a9
19,4,6,12.0,12.285714285714286,0,1,1,1,1,Charlie,Taylor,c6826949
20,2,5,10.5,12.25,0,1,1,0,1,Dana,Brown,916e23b5
19,3,6,11.666666666666666,10.333333333333334,0,1,1,0,1,Eli,Patel,d54d7f47
20,6,7,14.142857142857142,14.125,0,0,1,1,1,Alice,Smith,ecb6a473
22,0,5,0.0,13.333333333333334,0,0,1,0,1,Bob,Jones,1d2509bd
22,3,5,12.333333333333334,10.571428571428571,0,1,1,1,1,Charlie,Taylor,b2ee20ca
19,5,5,10.2,12.0,0,0,1,0,1,Dana,Brown,9dde0126
19,5,6,12.6,11.0,0,0,1,0,1,Eli,Patel,2f57495d
18,4,5,12.25,11.666666666666666,0,0,1,0,1,Alice,Smith,2e443561
18,3,6,10.666666666666666,12.0,0,0,1,1,1,Bob,Jones,8b53cbb7
19,4,6,12.75,13.0,0,0,1,0,1,Charlie,Taylor,68e7c995
24,6,6,11.333333333333334,11.333333333333334,0,0,1,0,1,Dana,Brown,07149c41
25,0,6,0.0,0.0,1,1,1,0,0,Eli,Patel,04642048
37,4,5,10.75,11.333333333333334,0,0,1,0,1,Alice,Smith,f1e4408b
19,5,5,12.0,10.5,0,0,1,0,1,Bob,Jones,39b76c7c
19,6,7,12.528571428571428,12.416666666666666,0,0,1,1,1,Charlie,Taylor,64cbf058
21,0,8,0.0,0.0,0,0,1,1,1,Dana,Brown,8879415b
20,3,7,10.666666666666666,11.5,0,0,1,0,1,Eli,Patel,fabfe19c
19,6,6,13.125,12.714285714285714,0,0,1,1,1,Alice,Smith,b2d734a4
42,5,6,12.4,11.8,0,1,1,0,1,Bob,Jones,b7f8afcc
21,5,6,14.0,14.8,0,0,1,0,0,Charlie,Taylor,8543ad31
19,5,6,11.4,11.0,0,1,1,0,1,Dana,Brown,8230d1c3
21,4,6,11.75,10.5,0,0,1,0,1,Eli,Patel,d57d7519
20,6,6,13.428571428571429,11.5,0,0,1,0,1,Alice,Smith,d5f45700
19,4,5,11.8,11.5,0,0,1,0,1,Bob,Jones,ac952f45
23,3,7,14.0,14.0,0,0,1,0,1,Charlie,Taylor,7e1e1a2b
18,6,6,12.333333333333334,10.8,0,0,1,0,1,Dana,Brown,bca4780d
22,5,5,10.666666666666666,11.0,1,0,1,1,1,Eli,Patel,d05525b2
19,5,5,11.833333333333334,14.714285714285714,0,1,1,0,1,Alice,Smith,4d9dd961
22,6,6,11.666666666666666,12.166666666666666,0,1,1,1,1,Bob,Jones,4d9dbe9a
38,5,6,16.0,16.5,0,0,1,0,1,Charlie,Taylor,71b30856
27,7,7,14.085714285714284,14.085714285714284,0,1,1,0,1,Dana,Brown,a7fab1ed
19,0,5,0.0,10.0,0,1,1,0,1,Eli,Patel,04c672e5
20,5,5,15.8,13.714285714285714,0,0,1,0,1,Alice,Smith,0c64b6be
18,4,5,12.5,14.666666666666666,0,1,1,0,1,Bob,Jones,3f0aef1b
19,4,6,12.5,13.25,0,0,1,0,1,Charlie,Taylor,ec73efc6
24,1,5,10.0,11.0,1,0,1,0,1,Dana,Brown,f061d2fd
22,0,5,0.0,11.666666666666666,0,1,1,0,1,Eli,Patel,7e534916
19,4,6,12.0,12.5,0,0,1,1,1,Alice,Smith,5914406c
23,13,17,12.153846153846152,11.909090909090908,1,1,1,0,1,Bob,Jones,a84d3863
29,6,6,16.5,13.8,0,1,1,0,0,Charlie,Taylor,22d3c0fd
20,6,6,11.285714285714286,11.77777777777778,0,0,1,0,1,Dana,Brown,59bdbf18
22,0,0,0.0,0.0,0,1,1,0,1,Eli,Patel,1f92f5fa
20,5,6,14.0,12.0,0,1,1,0,1,Alice,Smith,833e5b4f
24,4,5,13.75,12.0,0,1,1,0,1,Bob,Jones,76a64a2c
21,10,12,11.8,11.444444444444445,1,0,1,0,1,Charlie,Taylor,edaba1a6
20,4,5,11.5,0.0,0,0,1,0,1,Dana,Brown,525f62d5
22,5,6,13.4,10.666666666666666,0,1,1,0,1,Eli,Patel,ce16ba1e
18,2,5,13.5,12.333333333333334,0,0,1,0,1,Alice,Smith,8c120c23
22,3,6,11.333333333333334,12.333333333333334,0,1,1,0,1,Bob,Jones,decdd05f
19,5,6,11.4,12.4,0,1,1,0,1,Charlie,Taylor,05a4b279
43,3,5,10.666666666666666,12.5,0,0,0,0,1,Dana,Brown,3767e699
24,7,7,13.571428571428571,13.4,0,0,1,0,1,Eli,Patel,b69612b9
18,4,5,12.0,13.0,0,1,1,0,1,Alice,Smith,f4bab42f
21,0,5,0.0,11.666666666666666,0,0,1,0,1,Bob,Jones,98916e89
39,5,6,11.4,11.0,0,0,1,0,1,Charlie,Taylor,4c7f09e2
34,6,7,11.333333333333334,12.6,0,0,1,0,1,Dana,Brown,562efb9b
18,0,0,0.0,0.0,1,0,1,0,0,Eli,Patel,2a1555df
21,12,12,15.083333333333334,13.083333333333334,0,0,1,0,1,Alice,Smith,4ffadfc6
27,3,5,10.0,13.0,0,0,1,0,1,Bob,Jones,ba82f379
18,4,5,10.0,16.0,0,1,1,0,1,Charlie,Taylor,237708b8
20,5,6,13.833333333333334,12.3,0,0,1,1,1,Dana,Brown,0c26d045
19,5,6,11.6,11.0,0,1,1,0,1,Eli,Patel,88f76850
23,6,6,12.666666666666666,12.2,0,1,1,0,1,Alice,Smith,701edba0
22,0,0,0.0,0.0,0,1,1,0,1,Bob,Jones,5da64c84
20,3,5,12.666666666666666,12.5,0,1,1,0,1,Charlie,Taylor,42294222
20,3,6,13.666666666666666,10.25,0,1,1,0,1,Dana,Brown,171d1643
19,5,5,10.8,13.5,0,0,1,0,1,Eli,Patel,285ed187
18,4,7,11.575,12.419999999999998,0,1,0,0,1,Alice,Smith,1747335a
20,4,5,14.25,10.0,0,1,1,0,1,Bob,Jones,3cf53a54
18,6,6,12.833333333333334,13.0,0,1,0,1,1,Charlie,Taylor,6c866906
19,5,6,11.4,10.75,0,1,0,0,1,Dana,Brown,a437bfd6
19,5,5,14.857142857142858,15.142857142857142,0,0,0,0,1,Eli,Patel,57efa8e0
19,3,6,11.666666666666666,11.5,0,0,0,0,1,Alice,Smith,aa3a8803
20,6,6,12.5,14.333333333333334,0,1,0,1,1,Bob,Jones,3324079a
18,3,5,10.666666666666666,11.333333333333334,1,1,1,0,1,Charlie,Taylor,18cf3faa
18,4,5,10.5,10.5,0,1,1,0,1,Dana,Brown,5a9b5bd7
18,0,0,0.0,0.0,0,1,0,0,1,Eli,Patel,7d6c434f
19,5,5,11.5,10.666666666666666,0,0,0,0,1,Alice,Smith,6bd5bc10
20,1,6,12.0,0.0,0,0,0,0,1,Bob,Jones,4768fd9a
26,3,6,10.666666666666666,11.2,0,0,0,0,1,Charlie,Taylor,e63795d1
41,5,5,11.6,12.2,1,0,0,0,1,Dana,Brown,3d825b47
26,4,5,12.0,11.25,0,0,0,0,1,Eli,Patel,cebf8310
21,3,5,12.0,12.666666666666666,0,1,0,0,1,Alice,Smith,61470937
24,2,5,10.5,11.0,0,1,0,0,1,Bob,Jones,0b5d188a
18,5,6,12.2,12.2,0,1,0,0,1,Charlie,Taylor,7b393627
22,6,7,11.5,13.166666666666666,1,1,0,0,0,Dana,Brown,cc005b93
23,2,5,10.0,12.0,0,1,0,0,1,Eli,Patel,6ec95e2e
21,2,5,13.0,12.0,0,1,0,0,1,Alice,Smith,3207c11a
18,5,6,13.4,12.0,0,1,0,0,1,Bob,Jones,7295aefa
22,4,6,12.25,11.333333333333334,0,1,0,0,1,Charlie,Taylor,5bf8ba77
29,9,10,11.555555555555555,11.9,0,0,0,0,1,Dana,Brown,28efbb26
19,7,7,12.2,12.2,0,0,1,0,1,Eli,Patel,44cad56d
18,4,5,10.8,11.75,0,0,1,1,1,Alice,Smith,b610acfe
28,4,5,12.75,14.333333333333334,0,0,1,0,1,Bob,Jones,ab46810b
20,6,6,12.714285714285714,13.0,0,1,1,0,1,Charlie,Taylor,56a40dc7
26,7,7,13.285714285714286,12.142857142857142,0,0,1,0,1,Dana,Brown,1029031e
20,5,7,13.976666666666668,13.22222222222222,0,0,1,0,1,Eli,Patel,8d51e0e6
20,6,6,12.0,12.5,0,1,1,1,1,Alice,Smith,097069a0
43,7,8,11.635714285714286,11.635714285714286,0,1,1,0,1,Bob,Jones,18ddb545
18,4,5,12.5,11.285714285714286,1,1,1,0,1,Charlie,Taylor,b3c278a4
40,3,5,11.0,12.5,0,0,1,0,1,Dana,Brown,e9c6a0b0
27,6,6,10.666666666666666,11.25,0,0,1,0,1,Eli,Patel,c09e872b
26,0,6,0.0,0.0,1,1,1,0,1,Alice,Smith,2c355f0a
20,5,5,10.8,12.0,0,1,1,0,1,Bob,Jones,2e0054eb
20,5,5,11.0,10.0,0,0,1,0,1,Charlie,Taylor,69575224
20,0,5,0.0,0.0,1,1,1,0,1,Dana,Brown,3d34d55a
30,4,7,14.4,13.5,1,0,1,0,1,Eli,Patel,7aaeaa22
21,4,6,12.25,13.4,1,0,1,0,0,Alice,Smith,32795474
19,0,5,0.0,0.0,0,0,1,0,1,Bob,Jones,107dc538
25,7,7,11.95,12.042857142857144,0,0,0,0,1,Charlie,Taylor,823626ba
26,0,7,0.0,0.0,0,0,0,1,1,Dana,Brown,ee8de16d
19,3,5,11.0,11.75,0,1,0,0,1,Eli,Patel,331f0d85
21,4,6,11.75,13.666666666666666,0,0,0,0,1,Alice,Smith,acc39a00
21,1,5,11.0,10.5,0,1,0,0,1,Bob,Jones,a237bd28
26,6,6,15.428571428571429,14.5,0,0,0,0,0,Charlie,Taylor,4defed52
20,7,8,14.014285714285714,14.014285714285714,0,1,0,0,1,Dana,Brown,a464821e
18,2,6,10.333333333333334,13.333333333333334,0,1,0,0,1,Eli,Patel,efaec032
20,7,7,12.401428571428571,11.808333333333332,1,1,1,0,1,Alice,Smith,e806646d
23,0,6,0.0,0.0,0,0,1,0,1,Bob,Jones,4b54916e
20,4,6,10.8,12.0,0,0,1,0,1,Charlie,Taylor,0a36c1c8
45,8,9,11.0,10.833333333333334,0,0,0,0,1,Dana,Brown,5b135eb2
26,3,6,12.333333333333334,11.666666666666666,0,1,0,1,1,Eli,Patel,0ba5cb54
25,3,5,11.0,11.25,0,0,0,0,1,Alice,Smith,a38223eb
19,5,8,12.858,12.858,0,1,1,0,1,Bob,Jones,79337553
19,5,7,14.06,11.242857142857142,0,0,0,1,1,Charlie,Taylor,d807a554
18,0,0,0.0,0.0,0,1,0,1,1,Dana,Brown,d6b48389
19,4,5,13.75,12.6,0,1,0,0,1,Eli,Patel,fa7d644b
23,3,6,11.333333333333334,11.0,0,1,0,0,1,Alice,Smith,c78b854f
20,5,6,13.2,12.666666666666666,0,1,0,0,1,Bob,Jones,c2fab17b
19,3,5,11.333333333333334,11.0,0,1,1,0,1,Charlie,Taylor,f5c547ad
29,0,5,0.0,0.0,0,0,1,0,1,Dana,Brown,3390be7a
18,6,6,14.625,14.142857142857142,0,1,0,0,1,Eli,Patel,83ca7b24
19,4,7,13.375,12.116666666666667,0,1,0,0,1,Alice,Smith,adb98da4
19,4,5,11.0,13.857142857142858,0,0,0,1,1,Bob,Jones,c0835c7d
18,0,6,0.0,11.0,0,1,0,0,1,Charlie,Taylor,2d624899
19,6,6,13.285714285714286,14.6,0,1,0,1,1,Dana,Brown,872a923e
19,5,7,11.716666666666669,13.7,0,1,0,0,1,Eli,Patel,70210a58
18,6,6,12.333333333333334,12.833333333333334,0,1,0,0,1,Alice,Smith,499ee4b3
18,5,5,12.6,11.0,0,1,0,0,1,Bob,Jones,4712ec32
34,6,6,14.333333333333334,12.833333333333334,1,0,0,0,0,Charlie,Taylor,c76f7e5b
22,3,5,12.0,11.0,0,0,0,0,1,Dana,Brown,86e8c96c
50,3,5,13.333333333333334,12.2,0,0,0,0,1,Eli,Patel,ba569c15
25,3,6,11.666666666666666,11.333333333333334,0,0,0,1,1,Alice,Smith,b64d84be
50,2,5,10.5,11.0,0,0,0,0,1,Bob,Jones,82531064
48,5,6,13.0,12.5,0,1,0,0,1,Charlie,Taylor,4e23a3ba
41,4,5,14.5,13.0,0,0,0,0,1,Dana,Brown,0bad671f
28,6,10,10.666666666666666,11.333333333333334,0,0,0,0,1,Eli,Patel,e9ab7b48
53,15,15,11.8,11.666666666666666,0,0,0,0,1,Alice,Smith,3aa3fe3a
49,5,6,12.333333333333334,11.5,0,0,0,0,1,Bob,Jones,2116d9df
22,8,10,11.0,11.2,0,1,0,0,1,Charlie,Taylor,be6240f1
40,4,5,11.25,12.0,0,0,0,0,1,Dana,Brown,f060162a
36,11,12,11.5,11.4375,0,0,0,0,1,Eli,Patel,9f1152db
48,6,6,10.666666666666666,11.8,0,0,0,1,1,Alice,Smith,a3c507af
34,4,6,13.25,0.0,0,0,0,0,1,Bob,Jones,087b60ef
19,1,8,13.67,13.67,0,1,0,0,1,Charlie,Taylor,f1f1cf08
34,4,5,11.0,10.75,0,0,0,0,1,Dana,Brown,a591a988
28,7,7,12.428571428571429,12.3,0,1,0,0,1,Eli,Patel,a276aa1c
35,5,5,11.4,12.333333333333334,0,0,0,0,1,Alice,Smith,2e21bd08
18,0,8,0.0,0.0,0,1,0,0,1,Bob,Jones,d88fcd27
18,3,5,12.0,13.0,0,0,0,0,1,Charlie,Taylor,12ac28c1
20,4,6,12.25,11.5,0,1,0,0,1,Dana,Brown,83ca3f74
18,4,6,11.75,11.2,0,1,0,0,1,Eli,Patel,579006e1
20,4,5,11.0,11.5,0,0,0,0,1,Alice,Smith,12c5ea4f
24,7,8,12.714285714285714,12.714285714285714,0,0,0,0,1,Bob,Jones,253ff96e
19,2,5,10.0,11.75,0,1,0,1,1,Charlie,Taylor,aa495457
18,6,6,12.571428571428571,12.571428571428571,0,1,0,0,1,Dana,Brown,a92e4cce
18,6,7,13.39,12.757142857142856,0,1,0,0,1,Eli,Patel,88432664
19,3,5,12.333333333333334,10.25,0,0,0,0,1,Alice,Smith,322ab3fa
19,2,5,11.5,10.857142857142858,0,1,0,0,1,Bob,Jones,68b3e84e
19,6,6,15.0,14.0,0,0,0,0,1,Charlie,Taylor,f5fcd7fa
19,5,7,12.32,11.9,0,1,0,0,1,Dana,Brown,fadc9bd1
20,6,6,11.333333333333334,10.571428571428571,0,1,1,1,1,Eli,Patel,fcc35fee
33,4,5,12.0,13.666666666666666,0,1,1,0,1,Alice,Smith,3dac8a7b
20,5,6,12.8,11.6,0,1,1,0,1,Bob,Jones,c381f244
27,0,5,0.0,0.0,1,0,1,0,0,Charlie,Taylor,c448e767
33,6,8,12.833333333333334,12.0,0,0,0,0,1,Dana,Brown,ebba09cd
20,5,6,13.2,12.833333333333334,0,1,0,1,1,Eli,Patel,153d17ce
19,5,6,11.6,11.666666666666666,0,1,0,0,1,Alice,Smith,ddc5ff0a
18,6,6,13.166666666666666,12.5,0,1,0,0,1,Bob,Jones,063b37de
19,5,6,12.6,12.375,0,1,0,0,1,Charlie,Taylor,fcc23fab
21,3,5,11.333333333333334,13.333333333333334,0,1,0,0,1,Dana,Brown,890616ca
19,3,5,10.5,11.75,0,1,0,1,1,Eli,Patel,a343252a
21,6,6,10.375,11.666666666666666,0,1,0,0,1,Alice,Smith,9275be6b
21,6,7,13.25,13.8375,0,1,0,0,1,Bob,Jones,c92c8787
18,7,7,12.50625,13.2,0,1,0,0,1,Charlie,Taylor,277ea748
19,5,6,12.2,11.5,0,1,0,1,1,Dana,Brown,572df5d4
20,5,7,12.04,11.77142857142857,0,0,0,0,1,Eli,Patel,f6d7a08d
20,5,5,11.166666666666666,10.75,0,0,0,0,1,Alice,Smith,edbf0708
20,4,5,12.5,13.0,0,1,0,0,1,Bob,Jones,0c9a5bda
18,6,7,12.183333333333332,11.783333333333331,0,1,0,0,1,Charlie,Taylor,8d156069
18,2,5,10.0,11.333333333333334,0,0,0,0,1,Dana,Brown,ee2933f8
21,6,6,11.166666666666666,14.666666666666666,0,1,1,0,1,Eli,Patel,baf31580
20,3,6,11.0,11.333333333333334,0,1,1,1,1,Alice,Smith,db67b721
19,5,6,11.333333333333334,10.833333333333334,0,1,0,1,1,Bob,Jones,61e97612
19,5,7,11.2,11.2,0,1,1,1,1,Charlie,Taylor,f3ef3d53
28,4,5,10.5,11.0,0,1,1,0,1,Dana,Brown,f2488eb0
21,3,5,11.25,11.0,0,0,1,0,1,Eli,Patel,8324935d
24,7,10,10.714285714285714,12.555555555555555,1,0,1,0,1,Alice,Smith,b4d724a8
23,5,6,12.0,12.142857142857142,0,1,1,0,1,Bob,Jones,fbfd51c5
20,6,6,12.166666666666666,12.0,0,1,1,0,1,Charlie,Taylor,cefded4e
18,0,0,0.0,0.0,0,1,1,0,1,Dana,Brown,b4e3a29b
23,9,13,11.0,11.571428571428571,0,0,0,0,1,Eli,Patel,34812497
23,4,6,11.5,12.2,0,1,0,0,1,Alice,Smith,b0f3f3e4
39,4,5,11.25,11.5,0,0,0,0,1,Bob,Jones,cdab2653
22,3,5,12.666666666666666,12.0,0,1,0,0,1,Charlie,Taylor,d11585e2
30,3,5,10.666666666666666,10.4,0,0,0,0,1,Dana,Brown,14ab7eff
35,3,5,11.666666666666666,11.8,0,0,0,1,1,Eli,Patel,3dd8b75c
26,6,7,12.0,12.0,0,1,0,0,1,Alice,Smith,b1ac95fb
30,9,11,12.22222222222222,11.6,0,0,0,0,1,Bob,Jones,b5132803
25,4,5,11.0,12.0,1,0,1,0,1,Charlie,Taylor,78ea9e49
18,7,8,13.68142857142857,13.68142857142857,0,1,0,0,1,Dana,Brown,386665b8
23,6,7,12.1,12.616666666666667,0,0,0,0,1,Eli,Patel,4c62ef9f
18,5,7,11.94,12.8,0,1,0,1,1,Alice,Smith,398cc674
31,5,6,11.0,10.166666666666666,1,0,0,0,1,Bob,Jones,d6849a53
20,6,6,12.857142857142858,12.4,0,0,1,0,1,Charlie,Taylor,ca679d1b
19,5,10,11.0,10.0,0,0,1,0,1,Dana,Brown,94cfdba8
34,1,5,17.0,11.0,1,0,1,1,1,Eli,Patel,800e3f1a
21,5,5,11.0,11.428571428571429,0,0,1,0,1,Alice,Smith,686ea3bb
21,0,6,0.0,10.0,0,1,1,0,1,Bob,Jones,e76af192
24,4,6,11.25,10.428571428571429,0,0,1,0,1,Charlie,Taylor,b0f4d79c
20,5,6,12.4,13.0,1,0,1,0,0,Dana,Brown,2297054f
19,1,5,13.0,10.0,0,0,1,0,1,Eli,Patel,bff26288
26,6,6,11.833333333333334,11.666666666666666,0,1,1,0,1,Alice,Smith,21a2f612
20,1,5,13.0,12.6,0,0,1,0,1,Bob,Jones,454871e4
21,4,5,11.0,12.0,0,1,0,0,1,Charlie,Taylor,680e50df
26,2,5,11.5,12.0,0,0,1,0,1,Dana,Brown,040101cd
19,7,8,14.06,14.06,0,1,0,1,1,Eli,Patel,d5aedf4f
19,4,5,11.25,11.714285714285714,0,0,0,0,1,Alice,Smith,dd61c72f
19,2,5,14.5,11.333333333333334,0,1,0,0,1,Bob,Jones,bac56a0c
21,2,6,10.5,12.4,0,0,0,1,1,Charlie,Taylor,9e61152b
19,4,5,12.8,14.5,0,1,0,0,1,Dana,Brown,12824ada
18,0,5,0.0,13.25,0,0,0,0,1,Eli,Patel,162b63d5
20,6,6,13.571428571428571,13.6,0,0,0,0,1,Alice,Smith,b4f0e15b
32,5,5,10.2,11.25,0,0,0,0,1,Bob,Jones,01630fe7
19,5,6,12.2,11.8,0,1,0,0,1,Charlie,Taylor,097d726e
19,6,6,13.428571428571429,14.0,0,1,0,0,1,Dana,Brown,842257c5
18,1,5,11.0,0.0,0,0,0,0,1,Eli,Patel,b8b2c847
20,6,7,13.548333333333334,14.775,0,1,0,0,1,Alice,Smith,5fc7eb4a
19,6,6,12.166666666666666,12.5,0,0,0,0,1,Bob,Jones,e2304607
24,5,5,10.8,11.0,0,1,0,0,1,Charlie,Taylor,6def0a67
29,8,13,10.5,10.333333333333334,0,1,0,0,1,Dana,Brown,27c959ab
19,6,7,11.15,12.814285714285717,0,0,0,0,1,Eli,Patel,e43e6625
19,3,6,11.666666666666666,13.625,0,0,0,0,1,Alice,Smith,254e00ac
24,5,5,12.285714285714286,12.125,0,0,0,0,1,Bob,Jones,8fc500cf
28,4,7,13.375,13.5,1,0,0,0,1,Charlie,Taylor,e970de94
38,5,8,13.126,13.126,0,0,0,0,1,Dana,Brown,c2b5a535
19,3,6,10.333333333333334,11.8,0,1,0,0,1,Eli,Patel,fec45404
20,4,5,12.0,11.5,0,1,0,0,1,Alice,Smith,bf75709d
29,5,5,11.4,10.25,0,0,0,0,1,Bob,Jones,56a9b02a
19,7,8,12.771428571428572,12.771428571428572,0,1,0,1,1,Charlie,Taylor,6b980741
28,7,8,11.0,10.0,1,0,1,0,1,Dana,Brown,00c72774
27,0,6,0.0,0.0,0,0,1,0,1,Eli,Patel,fb2602a0
18,4,5,11.25,12.25,0,1,1,1,1,Alice,Smith,b5413047
20,5,6,12.4,15.0,0,0,1,0,1,Bob,Jones,0bffb85e
23,1,6,13.0,11.25,0,1,1,0,1,Charlie,Taylor,83761720
21,2,5,10.0,10.333333333333334,0,0,1,0,1,Dana,Brown,57ccab7b
34,5,5,14.2,14.6,0,0,1,0,1,Eli,Patel,88bdb74d
20,5,7,12.7,13.475,0,0,1,0,1,Alice,Smith,e6545690
24,8,9,13.333333333333334,13.11111111111111,0,1,1,0,1,Bob,Jones,fba253a3
39,4,5,12.25,12.75,0,0,1,0,1,Charlie,Taylor,e6f11f70
19,5,6,13.6,13.666666666666666,0,0,1,0,0,Dana,Brown,fe8e7661
38,2,5,10.5,11.333333333333334,0,0,1,0,1,Eli,Patel,a938a160
21,6,7,12.565,12.16,0,1,1,0,1,Alice,Smith,cf5ff40d
19,6,6,13.166666666666666,13.2,1,0,1,0,1,Bob,Jones,fdb0e2e5
25,6,6,11.166666666666666,11.8,0,1,1,0,1,Charlie,Taylor,90ce1406
19,6,6,12.666666666666666,12.142857142857142,0,1,1,0,1,Dana,Brown,86fad2c7
33,5,7,13.06,0.0,0,0,1,0,1,Eli,Patel,f276da0d
18,0,5,0.0,0.0,0,1,1,0,1,Alice,Smith,32fae1ad
19,4,5,12.5,10.5,1,1,1,0,0,Bob,Jones,0aaf56ee
19,0,5,0.0,0.0,0,1,1,0,1,Charlie,Taylor,e9385c4d
18,7,8,13.154285714285717,13.154285714285717,0,1,1,0,1,Dana,Brown,b5e79711
19,2,5,11.5,11.4,0,0,1,0,1,Eli,Patel,686d7a06
22,3,6,13.333333333333334,12.75,0,0,1,0,1,Alice,Smith,2abae008
18,5,5,11.8,12.0,0,1,1,0,1,Bob,Jones,f27ca58e
22,0,0,0.0,0.0,0,0,1,0,1,Charlie,Taylor,c2a5de11
19,0,0,0.0,0.0,1,0,1,0,1,Dana,Brown,beb07747
19,2,5,12.5,11.6,0,1,1,0,1,Eli,Patel,e6e06049
24,7,8,13.142857142857142,11.833333333333334,1,0,1,0,1,Alice,Smith,8317c3b5
18,5,5,15.0,14.2,0,0,1,1,0,Bob,Jones,4b3982fd
20,1,6,10.0,13.0,0,0,0,0,1,Charlie,Taylor,e0c846b5
18,6,6,12.166666666666666,11.2,0,1,0,1,1,Dana,Brown,cd37720c
21,3,6,12.0,12.5,1,1,0,0,1,Eli,Patel,48653730
33,7,7,12.857142857142858,12.666666666666666,1,0,0,0,0,Alice,Smith,5b5bc63c
26,3,6,11.75,12.8,0,1,0,0,1,Bob,Jones,2520f1db
21,5,6,11.833333333333334,13.25,0,0,0,0,1,Charlie,Taylor,0748a4f2
20,6,6,12.555555555555555,11.8,0,1,0,0,1,Dana,Brown,b0a2873a
20,2,5,14.5,11.25,0,0,0,0,1,Eli,Patel,e506aa20
43,6,6,12.875,12.142857142857142,0,0,1,0,1,Alice,Smith,3e2145bf
26,5,5,12.0,10.2,0,0,1,0,1,Bob,Jones,54198289
33,1,5,13.0,14.0,0,1,1,0,1,Charlie,Taylor,80eb7509
19,5,6,10.8,10.5,0,0,1,0,1,Dana,Brown,f5810feb
18,6,6,12.833333333333334,11.4,0,1,1,0,1,Eli,Patel,dcacdc34
21,5,5,12.6,12.833333333333334,1,0,1,1,1,Alice,Smith,0b47c39a
20,2,5,14.333333333333334,12.5,0,1,1,0,1,Bob,Jones,688cffcb
19,1,6,11.0,0.0,0,0,1,0,1,Charlie,Taylor,bdf3a225
24,5,5,11.833333333333334,14.0,0,0,1,1,1,Dana,Brown,a448ef20
21,5,6,11.333333333333334,11.5,0,0,1,0,1,Eli,Patel,886fd378
28,3,5,14.333333333333334,12.428571428571429,0,0,1,1,1,Alice,Smith,04440ff1
28,6,6,14.428571428571429,15.6,0,0,0,0,1,Bob,Jones,82a1a48d
20,5,6,11.8,12.0,0,1,0,0,1,Charlie,Taylor,54affcaa
23,5,6,13.6,11.6,0,1,0,0,1,Dana,Brown,9bab6622
23,4,6,13.4,13.5,0,1,0,0,1,Eli,Patel,c90c62ea
25,3,7,13.0,11.666666666666666,0,0,0,0,1,Alice,Smith,772bc15c
19,5,7,13.34,12.385714285714286,0,1,0,1,1,Bob,Jones,40850eb0
20,3,6,12.0,11.666666666666666,0,0,1,1,1,Charlie,Taylor,dc82eb72
19,5,6,11.5,11.333333333333334,0,0,1,0,1,Dana,Brown,7dea92b8
18,5,7,12.86,12.86,0,1,0,1,1,Eli,Patel,2d7600e1
18,7,7,12.59125,12.820000000000002,0,1,0,0,1,Alice,Smith,9ce5bf2b
22,5,6,13.0,11.5,0,1,1,0,1,Bob,Jones,ea630862
18,0,5,0.0,15.0,0,1,1,0,1,Charlie,Taylor,e79a5060
19,5,6,13.2,13.25,0,1,1,0,1,Dana,Brown,0c8f7f19
34,7,12,11.428571428571429,11.857142857142858,0,1,1,0,1,Eli,Patel,bf2aa31b
19,6,6,11.166666666666666,11.666666666666666,0,0,1,1,1,Alice,Smith,74054465
20,4,6,11.75,11.333333333333334,0,0,1,0,1,Bob,Jones,885e510e
20,6,6,14.5,15.0,0,1,0,1,1,Charlie,Taylor,a2a2648f
19,4,6,10.4,10.75,0,0,0,1,1,Dana,Brown,dfd471e3
21,7,7,13.0,12.5,1,1,0,0,1,Eli,Patel,f8678e24
18,6,6,14.166666666666666,13.428571428571429,0,1,0,0,1,Alice,Smith,7073e051
21,4,7,13.25,13.82,0,1,0,0,1,Bob,Jones,0ee874d7
22,1,6,11.0,0.0,0,1,1,0,1,Charlie,Taylor,a2beef7d
33,5,8,12.6,11.25,0,0,0,0,1,Dana,Brown,e35cd9e6
20,4,6,11.5,11.0,0,1,0,1,1,Eli,Patel,2cb61ffd
35,4,5,14.2,11.857142857142858,0,0,0,0,1,Alice,Smith,805535d8
22,4,6,12.5,13.666666666666666,0,1,0,0,1,Bob,Jones,3739b05a
20,6,6,11.666666666666666,11.6,0,1,0,0,1,Charlie,Taylor,22699ae7
20,3,5,13.0,13.0,0,1,0,0,1,Dana,Brown,266eec4a
21,11,12,11.545454545454543,11.7,1,1,1,0,1,Eli,Patel,000ce047
23,1,5,10.0,0.0,0,1,1,0,1,Alice,Smith,906a4c70
24,5,6,11.8,11.25,0,1,0,0,1,Bob,Jones,9d67538d
19,1,5,10.0,10.0,1,0,0,0,1,Charlie,Taylor,da61fec2
19,4,6,11.0,12.5,0,0,0,0,1,Dana,Brown,084d08cb
22,4,6,10.0,13.5,0,1,0,0,1,Eli,Patel,51417e5d
36,3,5,11.0,13.375,0,0,0,0,1,Alice,Smith,638a71a7
20,0,7,0.0,0.0,0,0,0,1,1,Bob,Jones,d10a885f
40,5,6,13.0,12.6,0,0,0,0,1,Charlie,Taylor,5ac93b4f
19,3,5,10.8,10.5,0,1,0,0,1,Dana,Brown,5b19c9f7
20,0,7,0.0,11.666666666666666,0,0,0,0,1,Eli,Patel,e1cf6f13
38,5,5,11.0,11.4,0,0,0,1,1,Alice,Smith,347c5d0d
19,12,12,13.333333333333334,12.818181818181818,0,1,1,1,1,Bob,Jones,d5fed007
21,1,6,10.0,11.4,0,1,0,1,1,Charlie,Taylor,782d5076
18,7,8,12.285714285714286,12.285714285714286,0,1,0,0,1,Dana,Brown,4e17a7b3
19,5,6,12.4,12.75,0,0,0,0,1,Eli,Patel,d984ffbc
22,6,6,12.571428571428571,13.666666666666666,0,0,0,0,1,Alice,Smith,f47f4a30
22,12,17,11.833333333333334,11.25,1,1,0,0,1,Bob,Jones,86029546
20,6,6,12.166666666666666,14.0,0,0,0,0,1,Charlie,Taylor,56b8985d
31,6,6,13.166666666666666,13.0,0,0,0,0,1,Dana,Brown,39c5f4ce
18,6,6,13.571428571428571,12.8,0,1,0,1,1,Eli,Patel,38826e8b
21,2,5,11.5,11.0,1,0,0,0,1,Alice,Smith,39e970f3
19,4,6,11.25,12.0,0,1,0,0,1,Bob,Jones,66fd43ee
25,7,8,13.29,13.29,0,1,0,1,1,Charlie,Taylor,3bda1650
33,8,10,10.375,10.444444444444445,0,0,0,0,1,Dana,Brown,b7cef434
20,7,7,12.333333333333334,12.625,0,1,0,0,1,Eli,Patel,5f3253e5
19,5,5,11.2,11.75,0,1,0,0,1,Alice,Smith,7feb8834
20,6,6,11.833333333333334,13.333333333333334,0,1,0,0,1,Bob,Jones,7033ea3e
18,6,6,14.833333333333334,12.5,0,1,0,0,0,Charlie,Taylor,c796fd4d
19,2,5,13.5,11.4,0,1,0,1,1,Dana,Brown,99658b6f
24,7,8,11.971428571428572,11.971428571428572,0,1,0,1,1,Eli,Patel,1c9ed8c3
19,3,5,12.0,13.5,0,0,0,0,1,Alice,Smith,54f2eab1
21,8,12,12.25,12.2,0,1,0,0,1,Bob,Jones,d174866e
18,5,6,12.2,11.6,0,0,0,0,1,Charlie,Taylor,f602dcf7
24,5,7,12.4,12.15,0,0,0,0,1,Dana,Brown,b24c025a
22,6,7,10.744444444444444,11.8375,0,1,0,0,1,Eli,Patel,f0bb1015
44,4,6,12.75,10.0,0,0,0,1,0,Alice,Smith,c54ab456
20,2,5,10.0,11.0,0,1,0,0,1,Bob,Jones,68cc8e07
19,0,0,0.0,0.0,1,1,0,0,1,Charlie,Taylor,adc1a700
18,7,8,13.242857142857144,13.242857142857144,0,1,0,1,1,Dana,Brown,96b72f94
18,5,6,12.6,11.8,0,1,0,0,0,Eli,Patel,3b7023cd
21,4,5,12.25,11.8,0,0,0,1,1,Alice,Smith,96a0bf10
20,4,6,12.75,11.333333333333334,0,1,0,0,1,Bob,Jones,404fb4bb
18,0,6,0.0,11.0,0,1,0,1,1,Charlie,Taylor,2e0cc196
18,1,5,14.0,14.0,0,1,0,0,1,Dana,Brown,4efc468e
27,6,6,12.125,12.0,1,1,0,0,1,Eli,Patel,bed9ec4e
18,4,6,13.5,10.666666666666666,1,1,0,0,1,Alice,Smith,5d675569
20,0,5,0.0,0.0,0,1,0,0,1,Bob,Jones,f0031373
19,3,5,14.0,11.75,0,1,0,0,1,Charlie,Taylor,466f80d5
20,6,6,12.666666666666666,11.5,0,1,0,0,1,Dana,Brown,b2e623d0
22,4,6,12.25,11.6,0,1,0,0,1,Eli,Patel,f692a1d6
22,3,6,15.0,10.25,0,1,0,0,1,Alice,Smith,cf9fa894
20,0,0,0.0,0.0,0,1,0,0,1,Bob,Jones,2ac30af2
18,6,6,13.5,13.333333333333334,0,0,0,0,1,Charlie,Taylor,57906d95
45,5,6,13.6,13.0,0,0,0,0,1,Dana,Brown,54c17262
25,4,5,11.25,12.0,1,0,0,0,1,Eli,Patel,66a36c4a
20,3,5,10.5,11.25,0,1,1,0,1,Alice,Smith,0f8299c6
22,4,6,11.25,11.0,0,1,1,0,1,Bob,Jones,a182c6c3
20,6,7,13.016666666666666,13.016666666666666,0,1,1,0,1,Charlie,Taylor,ee26047c
18,6,6,11.714285714285714,10.375,0,1,0,0,1,Dana,Brown,2992f670
21,3,5,12.666666666666666,12.75,0,0,0,0,1,Eli,Patel,7d95ee99
21,0,0,0.0,0.0,0,0,1,0,1,Alice,Smith,27bdb869
18,6,6,13.0,10.0,0,1,1,0,1,Bob,Jones,8cc1e177
18,3,5,14.0,12.666666666666666,0,0,1,0,1,Charlie,Taylor,2e49b620
25,6,6,13.166666666666666,12.6,0,1,1,0,1,Dana,Brown,bd9d7d59
18,4,5,13.0,12.333333333333334,0,1,1,0,1,Eli,Patel,e4232041
21,3,6,11.25,0.0,0,1,1,0,1,Alice,Smith,ee1d3bf3
24,6,7,10.857142857142858,11.857142857142858,0,0,1,1,1,Bob,Jones,3e7ea651
22,4,5,11.75,11.0,0,0,1,0,1,Charlie,Taylor,496756f7
28,8,13,11.625,11.0,0,1,1,0,1,Dana,Brown,e6225e13
18,0,5,0.0,10.0,0,1,1,0,1,Eli,Patel,b46d74b9
21,3,5,12.333333333333334,11.25,1,0,1,0,1,Alice,Smith,442f28fc
28,4,5,11.5,12.0,0,0,0,0,1,Bob,Jones,9def0362
21,3,5,10.666666666666666,12.5,0,1,0,0,1,Charlie,Taylor,d8e0e2bf
20,1,6,17.0,17.0,0,1,0,0,1,Dana,Brown,6493d703
18,3,5,12.666666666666666,12.5,0,0,0,1,1,Eli,Patel,822a74d4
18,5,7,14.06,12.571428571428571,0,1,0,0,1,Alice,Smith,192b4a41
30,3,5,10.333333333333334,12.8,0,0,0,0,1,Bob,Jones,fcc659ba
18,4,6,11.5,10.75,0,1,0,0,1,Charlie,Taylor,eecb4d12
18,6,7,11.833333333333334,11.833333333333334,0,1,1,0,1,Dana,Brown,e3157f30
19,2,6,13.0,10.833333333333334,0,0,0,0,1,Eli,Patel,fe8c35cf
20,0,6,0.0,0.0,0,0,0,0,1,Alice,Smith,4a4d388f
32,7,7,13.761111111111113,12.06375,0,0,0,0,1,Bob,Jones,4e184805
18,4,5,11.25,11.0,0,0,0,0,1,Charlie,Taylor,581d9ea6
21,5,6,12.6,11.666666666666666,0,1,0,0,1,Dana,Brown,fe7a9e9f
18,5,6,12.6,13.0,0,1,1,0,1,Eli,Patel,5d8fadac
20,4,6,12.0,11.333333333333334,0,1,1,0,1,Alice,Smith,07128f0a
19,4,6,13.0,12.2,0,1,1,1,1,Bob,Jones,ddc287a1
25,5,10,11.6,13.0,0,1,1,0,1,Charlie,Taylor,1311bfec
